tl,tm,tr,ml,mm,mr,bl,bm,br,ply,classe,split,oversampled
b,b,b,b,b,b,b,b,b,0,tem_jogo,train,False
x,b,b,b,b,b,b,b,b,1,tem_jogo,train,False
b,b,b,x,b,b,b,b,o,2,tem_jogo,train,False
b,b,b,b,b,x,b,o,b,2,tem_jogo,train,False
x,b,b,o,b,b,b,b,x,3,tem_jogo,train,False
b,b,b,b,o,b,x,b,x,3,tem_jogo,train,False
b,o,b,b,x,b,b,b,x,3,tem_jogo,train,False
x,x,b,b,b,b,b,b,o,3,tem_jogo,train,False
b,b,b,o,x,b,b,b,x,3,tem_jogo,train,False
b,b,x,b,b,o,x,b,b,3,tem_jogo,train,False
b,b,b,x,b,o,b,b,x,3,tem_jogo,train,False
o,b,x,b,b,x,b,o,b,4,tem_jogo,train,False
b,b,b,o,x,x,b,o,b,4,tem_jogo,train,False
b,b,o,b,x,o,x,b,b,4,tem_jogo,train,False
b,o,o,b,x,b,b,x,b,4,tem_jogo,train,False
o,b,b,b,x,o,b,x,b,4,tem_jogo,train,False
o,b,x,b,b,b,b,o,x,4,tem_jogo,train,False
b,x,b,o,b,o,b,b,x,4,tem_jogo,train,False
o,b,b,x,b,b,b,x,o,4,tem_jogo,train,False
o,o,x,b,b,x,b,b,b,4,tem_jogo,train,False
x,x,o,b,b,b,b,o,b,4,tem_jogo,train,False
x,b,b,b,o,x,b,o,b,4,tem_jogo,train,False
o,o,x,b,x,b,b,b,b,4,tem_jogo,train,False
b,x,b,x,o,b,b,b,o,4,tem_jogo,train,False
x,b,b,b,x,b,b,o,o,4,tem_jogo,train,False
b,b,o,b,o,b,x,b,x,4,tem_jogo,train,False
x,o,b,b,o,b,b,x,b,4,tem_jogo,train,False
b,b,x,o,b,b,o,x,b,4,tem_jogo,train,False
b,o,x,b,b,o,b,x,b,4,tem_jogo,train,False
x,b,b,b,b,o,x,b,o,4,tem_jogo,train,False
b,b,b,b,x,b,x,o,o,4,tem_jogo,train,False
o,x,b,b,b,b,b,x,o,4,tem_jogo,train,False
x,b,b,x,o,o,b,b,b,4,tem_jogo,train,False
b,b,x,b,x,x,o,b,o,5,tem_jogo,train,False
b,o,x,x,x,b,o,b,b,5,tem_jogo,train,False
o,b,x,x,x,o,b,b,b,5,tem_jogo,train,False
b,x,b,o,o,x,b,b,x,5,tem_jogo,train,False
o,o,x,b,b,x,x,b,b,5,tem_jogo,train,False
x,b,x,b,b,o,x,o,b,5,tem_jogo,train,False
b,x,x,b,b,o,b,o,x,5,tem_jogo,train,False
o,b,x,x,b,b,x,b,o,5,tem_jogo,train,False
b,x,b,x,b,o,b,o,x,5,tem_jogo,train,False
x,b,x,b,o,b,x,b,o,5,tem_jogo,train,False
x,b,o,x,x,o,b,b,b,5,tem_jogo,train,False
x,b,o,o,b,x,x,b,b,5,tem_jogo,train,False
x,x,b,x,o,o,b,b,b,5,tem_jogo,train,False
x,o,b,x,o,b,b,x,b,5,tem_jogo,train,False
o,o,b,x,b,b,x,x,b,5,tem_jogo,train,False
b,o,b,x,x,o,x,b,b,5,tem_jogo,train,False
b,b,o,x,o,x,x,b,b,5,tem_jogo,train,False
b,o,o,x,x,b,x,b,b,5,tem_jogo,train,False
b,x,o,x,x,b,b,b,o,5,tem_jogo,train,False
b,x,o,b,o,b,b,x,x,5,tem_jogo,train,False
x,b,x,b,o,o,b,x,b,5,tem_jogo,train,False
b,x,o,b,o,b,x,b,x,5,tem_jogo,train,False
o,x,x,x,b,b,b,o,b,5,tem_jogo,train,False
x,o,x,b,o,b,b,x,b,5,tem_jogo,train,False
b,b,x,b,x,b,o,o,x,5,tem_jogo,train,False
b,b,b,x,o,x,b,o,x,5,tem_jogo,train,False
o,o,b,x,b,x,b,x,b,5,tem_jogo,train,False
x,x,o,b,o,b,x,b,b,5,tem_jogo,train,False
b,b,x,b,x,x,b,o,o,5,tem_jogo,train,False
o,o,b,x,x,b,x,b,o,6,tem_jogo,train,False
o,b,o,x,b,x,o,x,b,6,tem_jogo,train,False
b,o,x,x,b,o,b,x,o,6,tem_jogo,train,False
b,x,x,b,x,o,o,o,b,6,tem_jogo,train,False
x,b,b,x,o,x,o,b,o,6,tem_jogo,train,False
x,b,o,x,b,x,o,o,b,6,tem_jogo,train,False
x,b,b,x,x,o,o,o,b,6,tem_jogo,train,False
b,o,x,b,x,x,o,o,b,6,tem_jogo,train,False
b,b,o,b,o,x,x,o,x,6,tem_jogo,train,False
o,x,o,o,b,b,b,x,x,6,tem_jogo,train,False
b,b,o,o,o,x,x,b,x,6,tem_jogo,train,False
b,b,x,x,o,b,x,o,o,6,tem_jogo,train,False
x,b,o,x,o,b,b,o,x,6,tem_jogo,train,False
b,b,b,x,o,x,x,o,o,6,tem_jogo,train,False
b,x,x,x,b,o,o,b,o,6,tem_jogo,train,False
o,b,o,o,b,x,b,x,x,6,tem_jogo,train,False
x,o,b,b,x,o,x,o,b,6,tem_jogo,train,False
x,o,o,x,x,b,o,b,b,6,tem_jogo,train,False
o,x,b,b,b,x,x,o,o,6,tem_jogo,train,False
o,o,b,x,b,x,x,o,b,6,tem_jogo,train,False
o,b,x,x,b,x,o,b,o,6,tem_jogo,train,False
b,x,b,x,o,o,o,b,x,6,tem_jogo,train,False
o,b,x,x,b,b,x,o,o,6,tem_jogo,train,False
o,o,x,x,b,b,b,x,o,6,tem_jogo,train,False
o,b,x,o,b,o,b,x,x,6,tem_jogo,train,False
o,b,x,b,o,x,o,x,b,6,tem_jogo,train,False
b,b,x,o,o,x,x,b,o,6,tem_jogo,train,False
o,x,o,b,b,x,o,x,b,6,tem_jogo,train,False
b,o,x,o,o,x,x,b,b,6,tem_jogo,train,False
x,b,x,o,b,x,b,o,o,6,tem_jogo,train,False
b,o,b,x,o,x,o,b,x,6,tem_jogo,train,False
o,x,b,o,x,b,x,b,o,6,tem_jogo,train,False
b,o,b,o,x,x,x,b,o,6,tem_jogo,train,False
b,x,b,o,x,o,b,o,x,6,tem_jogo,train,False
x,b,x,o,b,x,o,o,b,6,tem_jogo,train,False
b,x,o,x,b,b,o,o,x,6,tem_jogo,train,False
o,x,x,x,o,b,o,x,b,7,tem_jogo,train,False
b,b,o,x,x,o,x,o,x,7,tem_jogo,train,False
o,x,o,x,b,o,b,x,x,7,tem_jogo,train,False
b,x,x,o,b,x,x,o,o,7,tem_jogo,train,False
o,x,o,x,b,o,x,x,b,7,tem_jogo,train,False
b,o,o,x,o,x,b,x,x,7,tem_jogo,train,False
b,x,o,x,b,o,x,o,x,7,tem_jogo,train,False
o,o,b,x,x,o,x,b,x,7,tem_jogo,train,False
x,x,o,x,b,o,o,b,x,7,tem_jogo,train,False
o,b,b,x,x,o,x,o,x,7,tem_jogo,train,False
b,x,o,x,o,b,x,o,x,7,tem_jogo,train,False
x,o,o,x,b,o,b,x,x,7,tem_jogo,train,False
x,b,o,x,b,x,o,o,x,7,tem_jogo,train,False
x,x,o,x,b,o,b,o,x,7,tem_jogo,train,False
o,o,x,b,x,o,b,x,x,7,tem_jogo,train,False
o,b,x,x,x,o,b,o,x,7,tem_jogo,train,False
b,o,o,x,b,x,o,x,x,7,tem_jogo,train,False
x,b,o,o,x,x,x,o,o,8,tem_jogo,train,False
x,x,x,x,o,o,o,b,8,tem_jogo,train,False
o,o,x,o,x,x,b,x,o,8,tem_jogo,train,False
o,x,o,o,x,x,x,o,b,8,tem_jogo,train,False
x,o,x,o,x,o,b,x,o,8,tem_jogo,train,False
x,b,o,x,b,b,x,b,o,5,x_venceu,train,False
b,x,b,o,x,b,b,x,o,5,x_venceu,train,False
o,b,b,b,b,o,x,x,x,5,x_venceu,train,False
x,b,b,b,x,b,o,o,x,5,x_venceu,train,False
x,b,b,x,o,o,x,b,b,5,x_venceu,train,False
x,b,o,b,x,o,b,b,x,5,x_venceu,train,False
o,b,o,b,b,b,x,x,x,5,x_venceu,train,False
b,o,b,x,x,x,o,b,b,5,x_venceu,train,False
b,b,b,x,x,x,o,o,b,5,x_venceu,train,False
o,x,b,b,x,b,b,x,o,5,x_venceu,train,False
x,x,x,b,o,b,b,o,b,5,x_venceu,train,False
o,b,b,x,x,x,b,b,o,5,x_venceu,train,False
x,x,x,b,o,b,b,b,o,5,x_venceu,train,False
b,o,x,b,x,b,x,b,o,5,x_venceu,train,False
b,b,o,b,b,o,x,x,x,5,x_venceu,train,False
x,b,b,x,o,b,x,o,b,5,x_venceu,train,False
x,b,o,o,x,b,b,b,x,5,x_venceu,train,False
o,b,b,x,x,x,b,o,b,5,x_venceu,train,False
o,b,b,o,b,b,x,x,x,5,x_venceu,train,False
b,x,o,b,x,o,b,x,b,5,x_venceu,train,False
o,o,b,b,b,b,x,x,x,5,x_venceu,train,False
o,x,o,b,x,o,b,x,x,7,x_venceu,train,False
b,b,x,o,x,o,x,o,x,7,x_venceu,train,False
x,o,o,x,o,b,x,x,b,7,x_venceu,train,False
x,o,b,x,o,b,x,x,o,7,x_venceu,train,False
x,o,o,b,x,b,x,o,x,7,x_venceu,train,False
x,b,b,x,x,o,x,o,o,7,x_venceu,train,False
o,b,o,o,x,b,x,x,x,7,x_venceu,train,False
b,o,x,x,x,o,x,b,o,7,x_venceu,train,False
x,x,o,b,x,b,o,o,x,7,x_venceu,train,False
x,o,o,b,x,x,o,b,x,7,x_venceu,train,False
x,o,x,x,b,b,x,o,o,7,x_venceu,train,False
x,o,o,x,b,b,x,o,x,7,x_venceu,train,False
o,x,x,o,x,o,x,b,b,7,x_venceu,train,False
b,b,x,o,x,x,o,o,x,7,x_venceu,train,False
x,o,b,x,x,x,o,b,o,7,x_venceu,train,False
o,o,x,b,x,x,x,o,b,7,x_venceu,train,False
x,o,b,x,x,x,o,o,b,7,x_venceu,train,False
b,o,x,x,x,x,o,o,b,7,x_venceu,train,False
x,x,x,x,o,o,b,b,o,7,x_venceu,train,False
b,o,x,o,x,x,x,b,o,7,x_venceu,train,False
x,b,o,x,b,o,x,o,x,7,x_venceu,train,False
o,o,b,x,o,b,x,x,x,7,x_venceu,train,False
o,b,x,b,o,x,x,o,x,7,x_venceu,train,False
o,x,x,b,x,b,o,x,o,7,x_venceu,train,False
x,b,o,x,o,x,x,o,b,7,x_venceu,train,False
b,o,x,o,x,x,b,o,x,7,x_venceu,train,False
x,x,x,x,o,b,o,b,o,7,x_venceu,train,False
x,x,b,o,x,o,b,o,x,7,x_venceu,train,False
x,b,x,b,x,o,o,o,x,7,x_venceu,train,False
b,x,x,o,x,b,o,x,o,7,x_venceu,train,False
o,b,o,x,x,x,x,o,b,7,x_venceu,train,False
b,o,o,x,x,x,x,o,b,7,x_venceu,train,False
x,b,o,o,x,b,x,o,x,7,x_venceu,train,False
b,b,x,o,x,x,x,o,o,7,x_venceu,train,False
x,o,x,o,x,b,o,b,x,7,x_venceu,train,False
o,x,x,b,o,x,o,b,x,7,x_venceu,train,False
o,b,x,x,x,x,b,o,o,7,x_venceu,train,False
b,x,o,x,x,x,o,o,b,7,x_venceu,train,False
x,x,o,x,b,b,x,o,o,7,x_venceu,train,False
x,x,x,o,x,b,b,o,o,7,x_venceu,train,False
o,o,x,o,b,x,x,b,x,7,x_venceu,train,False
o,x,x,o,b,x,b,o,x,7,x_venceu,train,False
o,b,x,o,x,x,b,o,x,7,x_venceu,train,False
x,x,o,o,x,b,b,x,o,7,x_venceu,train,False
o,x,o,b,b,o,x,x,x,7,x_venceu,train,False
o,x,b,x,x,o,b,x,o,7,x_venceu,train,False
x,b,o,x,o,b,x,o,x,7,x_venceu,train,False
x,o,x,o,b,x,o,b,x,7,x_venceu,train,False
b,o,x,b,x,x,o,o,x,7,x_venceu,train,False
b,b,o,x,x,x,x,o,o,7,x_venceu,train,False
o,b,o,x,b,o,x,x,x,7,x_venceu,train,False
x,x,o,o,x,o,b,x,b,7,x_venceu,train,False
x,o,b,x,b,x,x,o,o,7,x_venceu,train,False
x,x,o,b,x,o,o,b,x,7,x_venceu,train,False
o,x,o,o,x,b,b,x,x,7,x_venceu,train,False
o,o,x,x,x,x,o,b,b,7,x_venceu,train,False
o,b,o,x,o,b,x,x,x,7,x_venceu,train,False
o,o,x,b,b,x,o,x,x,7,x_venceu,train,False
x,o,o,o,b,b,x,x,x,7,x_venceu,train,False
o,o,x,b,x,b,x,o,x,7,x_venceu,train,False
o,o,x,b,b,o,x,x,x,7,x_venceu,train,False
o,x,b,b,o,o,x,x,x,7,x_venceu,train,False
x,b,b,x,x,o,o,o,x,7,x_venceu,train,False
b,x,x,b,x,o,x,o,o,7,x_venceu,train,False
x,x,x,o,b,o,b,x,o,7,x_venceu,train,False
b,b,x,o,x,o,x,x,o,7,x_venceu,train,False
o,o,x,b,o,b,x,x,x,7,x_venceu,train,False
b,x,b,o,x,o,x,x,o,7,x_venceu,train,False
x,o,x,b,x,b,x,o,o,7,x_venceu,train,False
b,x,x,o,x,o,b,x,o,7,x_venceu,train,False
b,b,o,x,x,x,o,o,x,7,x_venceu,train,False
x,o,o,x,o,b,x,b,x,7,x_venceu,train,False
b,x,b,x,x,o,o,x,o,7,x_venceu,train,False
o,o,x,o,x,b,x,b,x,7,x_venceu,train,False
x,b,o,x,x,o,x,o,b,7,x_venceu,train,False
x,x,o,o,x,b,o,x,b,7,x_venceu,train,False
x,x,x,b,o,x,o,o,b,7,x_venceu,train,False
x,x,x,b,x,o,o,o,b,7,x_venceu,train,False
b,x,o,x,x,x,b,o,o,7,x_venceu,train,False
b,x,o,o,x,x,o,x,b,7,x_venceu,train,False
x,o,o,b,o,b,x,x,x,7,x_venceu,train,False
x,x,x,o,o,b,x,b,o,7,x_venceu,train,False
x,x,x,o,b,o,b,o,x,7,x_venceu,train,False
x,o,o,x,b,o,x,b,x,7,x_venceu,train,False
o,b,x,o,o,x,b,x,x,7,x_venceu,train,False
b,b,o,x,x,x,o,x,o,7,x_venceu,train,False
o,o,x,b,o,x,b,x,x,7,x_venceu,train,False
o,x,o,o,x,x,x,x,o,9,x_venceu,train,False
x,x,x,o,x,o,o,x,o,9,x_venceu,train,False
o,o,x,o,x,x,x,x,o,9,x_venceu,train,False
x,o,x,o,o,x,o,x,x,9,x_venceu,train,False
o,x,x,x,o,x,o,o,x,9,x_venceu,train,False
x,o,o,x,x,o,x,o,x,9,x_venceu,train,False
x,x,x,o,x,o,x,o,o,9,x_venceu,train,False
x,o,x,x,o,o,x,x,o,9,x_venceu,train,False
o,x,o,x,o,o,x,x,x,9,x_venceu,train,False
o,o,x,x,x,x,o,x,o,9,x_venceu,train,False
o,x,x,x,x,o,x,o,o,9,x_venceu,train,False
o,x,o,x,x,x,o,x,o,9,x_venceu,train,False
b,o,x,x,o,b,x,o,b,6,o_venceu,train,False
b,o,b,b,o,x,x,o,x,6,o_venceu,train,False
o,o,o,x,x,b,b,b,x,6,o_venceu,train,False
o,o,o,x,b,x,b,b,x,6,o_venceu,train,False
b,x,o,b,o,b,o,x,x,6,o_venceu,train,False
x,o,x,b,o,b,x,o,b,6,o_venceu,train,False
b,x,x,o,o,o,x,b,b,6,o_venceu,train,False
x,x,b,o,o,o,b,x,b,6,o_venceu,train,False
o,x,b,o,b,x,o,x,b,6,o_venceu,train,False
o,b,x,o,x,b,o,x,b,6,o_venceu,train,False
x,o,b,b,o,b,x,o,x,6,o_venceu,train,False
o,b,x,b,o,x,b,x,o,6,o_venceu,train,False
o,o,o,x,b,b,x,x,b,6,o_venceu,train,False
b,o,b,x,o,x,b,o,x,6,o_venceu,train,False
o,o,o,x,x,b,b,x,b,6,o_venceu,train,False
o,x,b,x,o,x,b,b,o,6,o_venceu,train,False
b,x,x,b,x,b,o,o,o,6,o_venceu,train,False
b,o,b,x,o,x,x,o,b,6,o_venceu,train,False
b,b,o,x,o,x,o,x,b,6,o_venceu,train,False
o,o,o,b,x,b,x,x,b,6,o_venceu,train,False
b,x,o,x,o,b,o,b,x,6,o_venceu,train,False
x,b,o,b,x,o,b,x,o,6,o_venceu,train,False
o,x,x,b,o,b,b,x,o,6,o_venceu,train,False
b,b,o,x,o,b,o,x,x,6,o_venceu,train,False
o,b,x,o,x,x,o,b,b,6,o_venceu,train,False
o,x,b,o,x,x,o,b,b,6,o_venceu,train,False
o,x,b,b,o,x,b,x,o,6,o_venceu,train,False
x,b,x,o,o,o,x,b,b,6,o_venceu,train,False
b,x,x,o,o,o,b,x,b,6,o_venceu,train,False
x,o,b,x,o,x,b,o,b,6,o_venceu,train,False
b,x,o,b,x,o,x,b,o,6,o_venceu,train,False
b,x,o,x,b,o,b,x,o,6,o_venceu,train,False
x,x,o,x,o,b,o,b,b,6,o_venceu,train,False
b,x,b,b,x,x,o,o,o,6,o_venceu,train,False
o,b,b,o,b,x,o,x,x,6,o_venceu,train,False
x,b,b,b,x,x,o,o,o,6,o_venceu,train,False
x,o,b,b,o,x,b,o,x,6,o_venceu,train,False
b,x,b,o,o,o,b,x,x,6,o_venceu,train,False
o,b,x,x,o,b,b,x,o,6,o_venceu,train,False
o,x,b,o,b,x,o,b,x,6,o_venceu,train,False
o,b,b,o,x,b,o,x,x,6,o_venceu,train,False
x,b,b,o,o,o,x,b,x,6,o_venceu,train,False
b,b,x,o,o,o,x,x,b,6,o_venceu,train,False
o,x,x,x,o,b,b,b,o,6,o_venceu,train,False
b,x,x,x,b,b,o,o,o,6,o_venceu,train,False
b,x,x,b,b,x,o,o,o,6,o_venceu,train,False
b,x,b,x,b,x,o,o,o,6,o_venceu,train,False
o,b,b,x,o,x,b,x,o,6,o_venceu,train,False
x,b,b,o,o,o,b,x,x,6,o_venceu,train,False
x,x,b,x,b,b,o,o,o,6,o_venceu,train,False
x,x,o,b,x,o,b,b,o,6,o_venceu,train,False
x,b,b,x,x,b,o,o,o,6,o_venceu,train,False
b,x,o,b,o,x,o,x,b,6,o_venceu,train,False
b,b,o,b,o,x,o,x,x,6,o_venceu,train,False
x,b,o,x,o,x,o,b,b,6,o_venceu,train,False
x,b,o,b,b,o,x,x,o,6,o_venceu,train,False
b,b,o,x,o,x,o,b,x,6,o_venceu,train,False
b,x,o,x,x,o,b,b,o,6,o_venceu,train,False
o,b,x,b,o,x,x,b,o,6,o_venceu,train,False
o,o,o,x,b,x,x,b,b,6,o_venceu,train,False
x,o,b,o,o,x,x,o,x,8,o_venceu,train,False
o,x,x,o,o,o,x,x,b,8,o_venceu,train,False
x,o,o,x,x,o,b,x,o,8,o_venceu,train,False
o,x,o,o,x,x,o,b,x,8,o_venceu,train,False
x,x,o,o,o,b,o,x,x,8,o_venceu,train,False
x,b,o,o,o,x,o,x,x,8,o_venceu,train,False
x,x,b,o,o,o,o,x,x,8,o_venceu,train,False
o,x,o,o,b,x,o,x,x,8,o_venceu,train,False
o,o,x,o,x,x,o,x,b,8,o_venceu,train,False
o,o,o,x,b,x,x,x,o,8,o_venceu,train,False
o,o,x,x,o,b,x,x,o,8,o_venceu,train,False
o,x,x,x,b,x,o,o,o,8,o_venceu,train,False
x,x,o,x,b,x,o,o,o,8,o_venceu,train,False
o,o,o,b,x,x,x,x,o,8,o_venceu,train,False
b,x,o,x,o,o,o,x,x,8,o_venceu,train,False
b,o,x,x,o,x,x,o,o,8,o_venceu,train,False
o,x,x,o,x,x,o,b,o,8,o_venceu,train,False
o,x,x,o,b,o,o,x,x,8,o_venceu,train,False
o,o,o,x,x,o,x,x,b,8,o_venceu,train,False
x,o,o,b,o,x,x,o,x,8,o_venceu,train,False
b,x,o,x,o,x,o,o,x,8,o_venceu,train,False
b,x,x,x,x,o,o,o,o,8,o_venceu,train,False
o,o,o,x,x,b,x,x,o,8,o_venceu,train,False
o,x,o,x,o,x,b,x,o,8,o_venceu,train,False
o,b,o,o,x,x,o,x,x,8,o_venceu,train,False
x,o,x,x,o,x,o,o,b,8,o_venceu,train,False
o,x,x,x,o,x,b,o,o,8,o_venceu,train,False
o,b,o,x,o,x,o,x,x,8,o_venceu,train,False
x,x,o,x,b,o,o,x,o,8,o_venceu,train,False
b,x,o,x,o,o,x,x,o,8,o_venceu,train,False
b,x,x,x,o,x,o,o,o,8,o_venceu,train,False
b,x,o,x,o,x,o,x,o,8,o_venceu,train,False
x,o,x,x,o,x,b,o,o,8,o_venceu,train,False
o,o,x,b,o,x,x,x,o,8,o_venceu,train,False
x,x,o,x,o,b,o,x,o,8,o_venceu,train,False
x,o,x,b,o,x,x,o,o,8,o_venceu,train,False
o,x,o,x,x,o,x,b,o,8,o_venceu,train,False
x,b,o,x,x,o,o,x,o,8,o_venceu,train,False
b,o,o,x,o,x,x,o,x,8,o_venceu,train,False
x,b,o,x,o,o,o,x,x,8,o_venceu,train,False
o,x,x,o,x,x,o,o,b,8,o_venceu,train,False
o,x,b,x,o,x,x,o,o,8,o_venceu,train,False
o,x,x,o,o,x,b,x,o,8,o_venceu,train,False
x,x,o,x,o,o,o,x,b,8,o_venceu,train,False
o,x,x,x,o,b,x,o,o,8,o_venceu,train,False
o,x,x,o,o,o,b,x,x,8,o_venceu,train,False
x,x,o,x,o,x,o,b,o,8,o_venceu,train,False
o,x,b,o,o,x,o,x,x,8,o_venceu,train,False
x,x,o,b,x,x,o,o,o,8,o_venceu,train,False
x,x,o,o,o,x,o,b,x,8,o_venceu,train,False
o,o,o,x,x,o,x,b,x,8,o_venceu,train,False
o,x,b,o,o,x,x,x,o,8,o_venceu,train,False
x,x,o,o,x,o,x,b,o,8,o_venceu,train,False
x,o,x,o,o,o,x,x,b,8,o_venceu,train,False
o,o,o,o,x,x,x,x,b,8,o_venceu,train,False
o,x,x,x,o,o,x,b,o,8,o_venceu,train,False
x,o,o,b,x,o,x,x,o,8,o_venceu,train,False
o,x,x,x,o,b,o,x,o,8,o_venceu,train,False
o,o,b,o,x,x,o,x,x,8,o_venceu,train,False
x,x,o,x,o,o,b,x,o,8,o_venceu,train,False
x,o,x,o,x,x,o,x,o,9,empate,train,False
o,x,x,x,x,o,o,o,x,9,empate,train,False
x,o,x,o,o,x,x,x,o,9,empate,train,False
o,x,x,x,o,o,o,x,x,9,empate,train,False
x,o,x,x,o,x,o,x,o,9,empate,train,False
x,o,x,x,o,o,o,x,x,9,empate,train,False
x,o,o,o,x,x,x,x,o,9,empate,train,False
o,x,o,x,x,o,x,o,x,9,empate,train,False
o,o,x,x,x,o,o,x,x,9,empate,train,False
o,x,x,x,o,o,x,o,x,9,empate,train,False
x,o,o,o,x,x,x,x,o,9,empate,train,True
o,x,x,x,o,o,o,x,x,9,empate,train,True
o,x,o,x,x,o,x,o,x,9,empate,train,True
x,o,x,x,o,x,o,x,o,9,empate,train,True
x,o,o,o,x,x,x,x,o,9,empate,train,True
o,x,x,x,o,o,x,o,x,9,empate,train,True
x,o,x,o,o,x,x,x,o,9,empate,train,True
x,o,o,o,x,x,x,x,o,9,empate,train,True
o,x,o,x,x,o,x,o,x,9,empate,train,True
x,o,x,x,o,x,o,x,o,9,empate,train,True
o,x,x,x,o,o,o,x,x,9,empate,train,True
o,x,o,x,x,o,x,o,x,9,empate,train,True
o,x,o,x,x,o,x,o,x,9,empate,train,True
x,o,x,o,o,x,x,x,o,9,empate,train,True
x,o,x,x,o,o,o,x,x,9,empate,train,True
x,o,x,x,o,x,o,x,o,9,empate,train,True
o,x,x,x,x,o,o,o,x,9,empate,train,True
o,x,o,x,x,o,x,o,x,9,empate,train,True
x,o,x,x,o,o,o,x,x,9,empate,train,True
o,x,x,x,x,o,o,o,x,9,empate,train,True
x,o,x,x,o,x,o,x,o,9,empate,train,True
x,o,x,o,x,x,o,x,o,9,empate,train,True
o,x,x,x,o,o,x,o,x,9,empate,train,True
x,o,x,x,o,o,o,x,x,9,empate,train,True
o,o,x,x,x,o,o,x,x,9,empate,train,True
x,o,x,o,x,x,o,x,o,9,empate,train,True
o,x,x,x,o,o,x,o,x,9,empate,train,True
x,o,x,o,o,x,x,x,o,9,empate,train,True
x,o,o,o,x,x,x,x,o,9,empate,train,True
o,x,x,x,o,o,o,x,x,9,empate,train,True
o,o,x,x,x,o,o,x,x,9,empate,train,True
x,o,x,o,o,x,x,x,o,9,empate,train,True
x,o,x,x,o,x,o,x,o,9,empate,train,True
x,o,x,o,o,x,x,x,o,9,empate,train,True
x,o,o,o,x,x,x,x,o,9,empate,train,True
x,o,x,x,o,x,o,x,o,9,empate,train,True
o,o,x,x,x,o,o,x,x,9,empate,train,True
x,o,o,o,x,x,x,x,o,9,empate,train,True
o,x,x,x,x,o,o,o,x,9,empate,train,True
o,x,x,x,o,o,o,x,x,9,empate,train,True
o,o,x,x,x,o,o,x,x,9,empate,train,True
o,x,x,x,x,o,o,o,x,9,empate,train,True
o,x,x,x,o,o,x,o,x,9,empate,train,True
o,o,x,x,x,o,o,x,x,9,empate,train,True
o,x,x,x,o,o,x,o,x,9,empate,train,True
x,o,x,x,o,x,o,x,o,9,empate,train,True
o,x,x,x,x,o,o,o,x,9,empate,train,True
o,x,x,x,o,o,o,x,x,9,empate,train,True
x,o,o,o,x,x,x,x,o,9,empate,train,True
o,x,o,x,x,o,x,o,x,9,empate,train,True
x,o,x,o,o,x,x,x,o,9,empate,train,True
x,o,x,o,x,x,o,x,o,9,empate,train,True
o,x,x,x,o,o,o,x,x,9,empate,train,True
o,x,x,x,x,o,o,o,x,9,empate,train,True
o,x,o,x,x,o,x,o,x,9,empate,train,True
o,x,x,x,o,o,o,x,x,9,empate,train,True
o,x,x,x,x,o,o,o,x,9,empate,train,True
x,o,x,x,o,o,o,x,x,9,empate,train,True
x,o,x,x,o,o,o,x,x,9,empate,train,True
o,x,x,x,o,o,x,o,x,9,empate,train,True
o,x,x,x,o,o,o,x,x,9,empate,train,True
x,o,x,x,o,o,o,x,x,9,empate,train,True
o,x,x,x,x,o,o,o,x,9,empate,train,True
o,x,x,x,o,o,x,o,x,9,empate,train,True
o,x,x,x,x,o,o,o,x,9,empate,train,True
o,x,x,x,o,o,x,o,x,9,empate,train,True
o,x,x,x,o,o,o,x,x,9,empate,train,True
o,x,o,x,x,o,x,o,x,9,empate,train,True
x,o,o,o,x,x,x,x,o,9,empate,train,True
o,o,x,x,x,o,o,x,x,9,empate,train,True
o,x,o,x,x,o,x,o,x,9,empate,train,True
x,o,x,x,o,x,o,x,o,9,empate,train,True
o,x,x,x,x,o,o,o,x,9,empate,train,True
x,o,x,x,o,x,o,x,o,9,empate,train,True
o,x,o,x,x,o,x,o,x,9,empate,train,True
o,x,x,x,o,o,x,o,x,9,empate,train,True
o,o,x,x,x,o,o,x,x,9,empate,train,True
o,o,x,x,x,o,o,x,x,9,empate,train,True
x,o,x,o,x,x,o,x,o,9,empate,train,True
o,o,x,x,x,o,o,x,x,9,empate,train,True
x,o,o,o,x,x,x,x,o,9,empate,train,True
o,o,x,x,x,o,o,x,x,9,empate,train,True
o,x,o,x,x,o,x,o,x,9,empate,train,True
x,o,x,o,x,x,o,x,o,9,empate,train,True
o,x,o,x,x,o,x,o,x,9,empate,train,True
o,x,o,x,x,o,x,o,x,9,empate,train,True
x,o,x,o,o,x,x,x,o,9,empate,train,True
x,o,x,o,x,x,o,x,o,9,empate,train,True
o,x,o,x,x,o,x,o,x,9,empate,train,True
x,o,x,o,o,x,x,x,o,9,empate,train,True
x,o,x,o,o,x,x,x,o,9,empate,train,True
x,o,x,o,x,x,o,x,o,9,empate,train,True
x,o,x,x,o,x,o,x,o,9,empate,train,True
o,x,x,x,o,o,x,o,x,9,empate,train,True
x,o,o,o,x,x,x,x,o,9,empate,train,True
o,x,x,x,o,o,x,o,x,9,empate,train,True
o,o,x,x,x,o,o,x,x,9,empate,train,True
x,o,o,o,x,x,x,x,o,9,empate,train,True
o,o,x,x,x,o,o,x,x,9,empate,train,True
o,x,o,x,x,o,x,o,x,9,empate,train,True
o,x,x,x,x,o,o,o,x,9,empate,train,True
x,o,x,o,x,x,o,x,o,9,empate,train,True
x,o,o,o,x,x,x,x,o,9,empate,train,True
x,o,o,o,x,x,x,x,o,9,empate,train,True
o,x,o,x,x,o,x,o,x,9,empate,train,True
x,o,x,x,o,x,o,x,o,9,empate,train,True
x,o,x,o,o,x,x,x,o,9,empate,train,True
o,x,o,x,x,o,x,o,x,9,empate,train,True
x,o,x,x,o,o,o,x,x,9,empate,train,True
x,o,x,o,o,x,x,x,o,9,empate,train,True
x,b,b,x,o,b,b,b,b,3,tem_jogo,val,False
b,b,b,b,b,b,o,x,x,3,tem_jogo,val,False
b,o,b,o,b,x,x,b,b,4,tem_jogo,val,False
b,b,o,x,b,o,x,b,b,4,tem_jogo,val,False
b,b,b,x,o,x,b,o,b,4,tem_jogo,val,False
x,b,o,x,b,b,o,b,b,4,tem_jogo,val,False
o,b,b,b,x,o,b,b,x,4,tem_jogo,val,False
x,b,b,o,x,x,o,b,b,5,tem_jogo,val,False
b,x,b,x,x,o,b,o,b,5,tem_jogo,val,False
x,x,b,b,b,o,x,b,o,5,tem_jogo,val,False
o,b,x,b,b,b,x,o,x,5,tem_jogo,val,False
x,o,b,b,b,b,x,x,o,5,tem_jogo,val,False
o,o,x,b,b,b,b,x,x,5,tem_jogo,val,False
b,x,b,x,b,o,b,x,o,5,tem_jogo,val,False
b,b,b,b,o,x,x,x,o,5,tem_jogo,val,False
b,b,x,x,b,x,b,o,o,5,tem_jogo,val,False
x,o,b,x,b,x,o,b,b,5,tem_jogo,val,False
x,b,x,b,x,b,o,o,b,5,tem_jogo,val,False
o,x,b,x,b,x,b,o,b,5,tem_jogo,val,False
b,x,o,o,x,b,x,b,b,5,tem_jogo,val,False
x,o,b,o,x,x,o,b,b,6,tem_jogo,val,False
x,o,o,b,b,b,x,x,o,6,tem_jogo,val,False
o,o,x,b,o,x,x,b,b,6,tem_jogo,val,False
x,b,x,b,o,x,b,o,o,6,tem_jogo,val,False
x,o,x,b,o,b,x,b,o,6,tem_jogo,val,False
x,x,o,o,b,o,x,b,b,6,tem_jogo,val,False
b,o,b,b,x,o,x,x,o,6,tem_jogo,val,False
b,x,o,b,x,o,x,o,b,6,tem_jogo,val,False
o,x,o,b,o,b,x,b,x,6,tem_jogo,val,False
o,x,x,x,b,o,b,b,o,6,tem_jogo,val,False
x,x,b,x,o,o,b,x,o,7,tem_jogo,val,False
o,x,b,o,x,b,x,o,x,7,tem_jogo,val,False
b,x,o,x,o,o,x,b,x,7,tem_jogo,val,False
x,o,x,x,o,b,o,b,x,7,tem_jogo,val,False
b,x,o,x,o,b,x,x,o,7,tem_jogo,val,False
x,o,b,o,x,x,x,b,o,7,tem_jogo,val,False
b,x,b,x,o,x,x,o,o,7,tem_jogo,val,False
x,o,x,x,o,b,o,x,o,8,tem_jogo,val,False
b,x,o,o,x,x,o,o,x,8,tem_jogo,val,False
b,x,o,o,o,x,x,x,o,8,tem_jogo,val,False
x,b,b,o,x,o,b,b,x,5,x_venceu,val,False
o,b,x,b,o,x,b,b,x,5,x_venceu,val,False
b,o,x,b,b,x,o,b,x,5,x_venceu,val,False
o,x,b,b,x,b,o,x,b,5,x_venceu,val,False
b,b,x,b,b,x,o,o,x,5,x_venceu,val,False
x,o,b,x,b,b,x,o,b,5,x_venceu,val,False
x,b,b,x,o,b,x,b,o,5,x_venceu,val,False
b,x,x,o,o,x,o,b,x,7,x_venceu,val,False
o,b,x,b,o,x,o,x,x,7,x_venceu,val,False
x,o,x,o,x,b,x,b,o,7,x_venceu,val,False
x,b,x,o,b,x,o,o,x,7,x_venceu,val,False
x,x,x,o,o,x,o,b,b,7,x_venceu,val,False
b,x,o,o,x,o,b,x,x,7,x_venceu,val,False
x,x,x,o,o,x,b,o,b,7,x_venceu,val,False
x,b,o,o,x,x,o,b,x,7,x_venceu,val,False
o,x,x,o,x,b,x,b,o,7,x_venceu,val,False
x,o,x,b,x,o,x,b,o,7,x_venceu,val,False
b,x,x,b,o,x,o,o,x,7,x_venceu,val,False
x,x,x,x,b,o,o,b,o,7,x_venceu,val,False
b,o,x,b,x,o,x,o,x,7,x_venceu,val,False
x,o,b,x,x,o,o,b,x,7,x_venceu,val,False
o,o,b,x,x,x,o,x,b,7,x_venceu,val,False
b,o,x,x,x,x,b,o,o,7,x_venceu,val,False
b,o,x,o,x,o,x,x,b,7,x_venceu,val,False
o,b,x,x,o,x,b,o,x,7,x_venceu,val,False
o,b,o,x,x,x,b,x,o,7,x_venceu,val,False
x,o,b,b,x,o,o,x,x,7,x_venceu,val,False
b,b,o,o,o,x,x,x,x,7,x_venceu,val,False
o,x,o,x,x,b,o,x,b,7,x_venceu,val,False
o,o,x,b,b,x,x,o,x,7,x_venceu,val,False
x,o,b,o,x,x,b,o,x,7,x_venceu,val,False
x,x,o,b,x,o,b,o,x,7,x_venceu,val,False
o,x,b,b,x,o,x,x,o,7,x_venceu,val,False
o,b,b,x,o,o,x,x,x,7,x_venceu,val,False
b,o,b,x,x,x,o,o,x,7,x_venceu,val,False
x,x,x,b,b,o,o,x,o,7,x_venceu,val,False
x,x,x,o,o,x,o,o,x,9,x_venceu,val,False
x,o,o,x,x,o,o,x,x,9,x_venceu,val,False
o,o,x,o,x,o,x,x,x,9,x_venceu,val,False
x,x,o,o,x,x,o,x,o,9,x_venceu,val,False
o,o,o,b,x,b,b,x,x,6,o_venceu,val,False
b,b,x,x,b,x,o,o,o,6,o_venceu,val,False
b,x,b,x,x,b,o,o,o,6,o_venceu,val,False
x,x,o,b,b,o,x,b,o,6,o_venceu,val,False
o,x,b,b,o,b,x,x,o,6,o_venceu,val,False
o,o,o,b,x,x,x,b,b,6,o_venceu,val,False
o,o,o,b,x,x,b,x,b,6,o_venceu,val,False
o,o,o,x,b,b,x,b,x,6,o_venceu,val,False
b,b,o,x,x,o,x,b,o,6,o_venceu,val,False
x,b,o,b,x,o,x,b,o,6,o_venceu,val,False
b,x,o,x,o,b,o,x,b,6,o_venceu,val,False
x,x,o,b,o,b,o,b,x,6,o_venceu,val,False
x,b,o,x,x,o,b,b,o,6,o_venceu,val,False
b,x,b,o,o,o,x,b,x,6,o_venceu,val,False
x,b,o,b,o,x,o,x,b,6,o_venceu,val,False
x,o,x,b,o,b,b,o,x,6,o_venceu,val,False
x,x,b,o,o,o,b,b,x,6,o_venceu,val,False
b,x,o,x,o,x,o,b,b,6,o_venceu,val,False
x,x,b,o,o,o,x,b,b,6,o_venceu,val,False
x,x,o,b,o,x,o,x,o,8,o_venceu,val,False
o,x,x,o,x,b,o,o,x,8,o_venceu,val,False
b,x,o,o,o,x,o,x,x,8,o_venceu,val,False
o,x,x,x,x,b,o,o,o,8,o_venceu,val,False
x,x,o,b,o,x,o,o,x,8,o_venceu,val,False
x,x,o,o,o,o,x,x,b,8,o_venceu,val,False
o,x,o,x,b,o,x,x,o,8,o_venceu,val,False
x,x,b,o,x,x,o,o,o,8,o_venceu,val,False
o,o,o,x,o,x,x,x,b,8,o_venceu,val,False
b,x,x,o,x,x,o,o,o,8,o_venceu,val,False
o,b,x,o,x,x,o,x,o,8,o_venceu,val,False
o,x,x,b,o,x,o,x,o,8,o_venceu,val,False
o,x,x,o,o,b,o,x,x,8,o_venceu,val,False
b,o,o,x,x,o,x,x,o,8,o_venceu,val,False
o,o,x,o,x,b,o,x,x,8,o_venceu,val,False
x,x,o,x,o,x,o,o,b,8,o_venceu,val,False
x,o,o,x,o,b,o,x,x,8,o_venceu,val,False
x,o,o,x,o,x,o,b,x,8,o_venceu,val,False
o,x,b,x,o,o,x,x,o,8,o_venceu,val,False
x,o,x,b,o,o,x,o,x,8,o_venceu,val,False
x,b,x,o,o,o,o,x,x,8,o_venceu,val,False
x,o,x,x,x,o,o,x,o,9,empate,val,False
o,x,o,x,o,x,x,o,x,9,empate,val,False
x,x,o,o,o,x,x,o,x,9,empate,val,False
b,b,b,b,b,b,x,o,b,2,tem_jogo,test,False
o,b,b,b,x,x,b,b,b,3,tem_jogo,test,False
b,b,b,x,b,x,b,b,o,3,tem_jogo,test,False
b,b,x,x,o,b,b,b,o,4,tem_jogo,test,False
o,b,o,b,x,b,b,x,b,4,tem_jogo,test,False
b,b,o,b,o,x,x,b,b,4,tem_jogo,test,False
x,b,o,b,b,b,x,b,o,4,tem_jogo,test,False
b,b,b,x,o,x,o,b,b,4,tem_jogo,test,False
b,b,x,b,o,o,b,x,b,4,tem_jogo,test,False
b,o,b,o,b,x,b,x,x,5,tem_jogo,test,False
b,b,b,o,o,x,x,x,b,5,tem_jogo,test,False
b,x,o,b,o,x,x,b,b,5,tem_jogo,test,False
o,b,b,x,x,o,b,b,x,5,tem_jogo,test,False
x,b,o,b,o,x,x,b,b,5,tem_jogo,test,False
b,o,x,o,b,b,x,b,x,5,tem_jogo,test,False
b,x,x,b,x,b,o,o,b,5,tem_jogo,test,False
b,x,b,b,o,b,o,x,x,5,tem_jogo,test,False
b,o,x,b,o,x,b,x,o,6,tem_jogo,test,False
b,o,o,b,x,x,x,b,o,6,tem_jogo,test,False
o,x,b,o,b,x,b,o,x,6,tem_jogo,test,False
o,o,b,b,x,x,x,o,b,6,tem_jogo,test,False
x,b,o,o,b,x,o,x,b,6,tem_jogo,test,False
o,x,x,b,o,o,x,b,b,6,tem_jogo,test,False
b,b,x,x,o,o,o,x,b,6,tem_jogo,test,False
x,b,x,o,b,b,o,o,x,6,tem_jogo,test,False
x,b,b,o,o,x,x,o,b,6,tem_jogo,test,False
b,o,x,x,x,b,b,o,o,6,tem_jogo,test,False
x,o,o,b,o,x,b,x,b,6,tem_jogo,test,False
b,b,o,o,o,x,b,x,x,6,tem_jogo,test,False
x,b,b,x,x,o,b,o,o,6,tem_jogo,test,False
x,o,o,o,b,b,b,x,x,6,tem_jogo,test,False
x,x,o,o,b,b,x,x,o,7,tem_jogo,test,False
x,x,b,o,o,b,x,x,o,7,tem_jogo,test,False
x,x,o,b,o,b,x,o,x,7,tem_jogo,test,False
x,x,b,o,x,o,x,b,o,7,tem_jogo,test,False
x,o,b,x,x,o,o,x,b,7,tem_jogo,test,False
x,x,b,o,b,o,o,x,x,7,tem_jogo,test,False
b,x,b,o,x,o,x,o,x,7,tem_jogo,test,False
x,x,b,o,o,x,o,o,x,8,tem_jogo,test,False
x,o,b,o,o,x,x,x,o,8,tem_jogo,test,False
x,b,b,o,x,b,b,o,x,5,x_venceu,test,False
x,o,b,x,o,b,x,b,b,5,x_venceu,test,False
b,b,x,o,x,b,x,o,b,5,x_venceu,test,False
b,b,b,x,x,x,b,o,o,5,x_venceu,test,False
x,b,o,b,x,b,b,o,x,5,x_venceu,test,False
o,b,b,x,x,x,o,b,b,5,x_venceu,test,False
b,b,b,o,b,o,x,x,x,5,x_venceu,test,False
b,b,b,o,o,b,x,x,x,5,x_venceu,test,False
o,b,x,b,x,o,x,b,b,5,x_venceu,test,False
o,b,x,o,x,b,x,b,b,5,x_venceu,test,False
x,o,b,x,o,o,x,b,x,7,x_venceu,test,False
x,o,o,o,x,b,x,b,x,7,x_venceu,test,False
b,x,o,x,x,o,o,x,b,7,x_venceu,test,False
x,x,x,o,b,b,o,o,x,7,x_venceu,test,False
o,x,b,o,x,x,b,x,o,7,x_venceu,test,False
o,b,b,o,x,o,x,x,x,7,x_venceu,test,False
x,x,x,o,b,x,b,o,o,7,x_venceu,test,False
x,x,x,o,x,o,b,b,o,7,x_venceu,test,False
b,o,b,x,o,o,x,x,x,7,x_venceu,test,False
x,o,b,o,x,o,b,x,x,7,x_venceu,test,False
o,b,b,x,x,x,o,o,x,7,x_venceu,test,False
o,b,x,o,x,o,x,x,b,7,x_venceu,test,False
o,o,b,x,x,x,x,b,o,7,x_venceu,test,False
x,x,x,x,b,o,o,o,b,7,x_venceu,test,False
x,x,x,x,o,o,o,b,b,7,x_venceu,test,False
x,x,x,o,x,o,o,b,b,7,x_venceu,test,False
o,x,o,o,x,b,x,x,b,7,x_venceu,test,False
o,b,x,x,x,b,x,o,o,7,x_venceu,test,False
x,x,x,x,o,o,b,o,b,7,x_venceu,test,False
x,x,b,o,x,b,o,x,o,7,x_venceu,test,False
x,b,o,x,x,x,o,b,o,7,x_venceu,test,False
o,b,x,b,x,x,x,o,o,7,x_venceu,test,False
o,b,x,x,b,x,o,o,x,7,x_venceu,test,False
b,b,x,o,o,x,o,x,x,7,x_venceu,test,False
x,o,o,x,x,o,b,b,x,7,x_venceu,test,False
o,b,x,b,x,o,x,o,x,7,x_venceu,test,False
x,x,o,o,x,o,x,o,x,9,x_venceu,test,False
o,o,x,x,o,x,o,x,x,9,x_venceu,test,False
o,x,o,o,x,o,x,x,x,9,x_venceu,test,False
x,o,o,x,o,o,x,x,x,9,x_venceu,test,False
b,b,o,b,x,o,x,x,o,6,o_venceu,test,False
o,b,x,o,x,b,o,b,x,6,o_venceu,test,False
o,b,x,b,o,b,x,x,o,6,o_venceu,test,False
b,o,x,x,o,x,b,o,b,6,o_venceu,test,False
x,o,x,x,o,b,b,o,b,6,o_venceu,test,False
x,o,x,b,o,x,b,o,b,6,o_venceu,test,False
b,o,x,x,o,b,b,o,x,6,o_venceu,test,False
b,b,x,b,x,x,o,o,o,6,o_venceu,test,False
x,b,x,x,b,b,o,o,o,6,o_venceu,test,False
o,x,b,b,o,x,x,b,o,6,o_venceu,test,False
b,x,o,x,b,o,x,b,o,6,o_venceu,test,False
x,o,b,x,o,b,b,o,x,6,o_venceu,test,False
o,b,x,o,b,x,o,x,b,6,o_venceu,test,False
o,o,o,x,b,x,b,x,b,6,o_venceu,test,False
x,b,o,x,o,b,o,x,b,6,o_venceu,test,False
x,o,x,x,o,b,o,o,x,8,o_venceu,test,False
x,x,b,x,x,o,o,o,o,8,o_venceu,test,False
x,b,o,x,o,x,o,o,x,8,o_venceu,test,False
x,b,x,x,o,x,o,o,o,8,o_venceu,test,False
x,o,x,o,o,o,b,x,x,8,o_venceu,test,False
x,x,o,b,o,o,o,x,x,8,o_venceu,test,False
o,x,x,x,o,o,b,x,o,8,o_venceu,test,False
x,o,o,x,o,x,o,x,b,8,o_venceu,test,False
x,x,o,b,x,o,x,o,o,8,o_venceu,test,False
o,o,o,x,x,b,o,x,x,8,o_venceu,test,False
o,x,o,b,o,x,x,x,o,8,o_venceu,test,False
o,x,o,x,o,b,x,x,o,8,o_venceu,test,False
x,o,x,x,b,x,o,o,o,8,o_venceu,test,False
b,x,o,x,x,o,x,o,o,8,o_venceu,test,False
x,b,o,o,x,o,x,x,o,8,o_venceu,test,False
o,o,o,x,b,x,o,x,x,8,o_venceu,test,False
x,b,x,o,o,o,x,x,o,8,o_venceu,test,False
o,x,o,x,o,x,x,b,o,8,o_venceu,test,False
o,b,x,x,o,o,x,x,o,8,o_venceu,test,False
o,x,o,x,o,x,o,x,b,8,o_venceu,test,False
x,x,o,x,x,o,o,b,o,8,o_venceu,test,False
o,b,x,o,x,o,o,x,x,8,o_venceu,test,False
x,x,o,x,x,o,b,o,o,8,o_venceu,test,False
x,b,o,x,o,x,o,x,o,8,o_venceu,test,False
x,o,x,x,x,b,o,o,o,8,o_venceu,test,False
x,x,o,o,o,x,x,x,o,9,empate,test,False
x,x,o,o,x,x,x,o,o,9,empate,test,False
o,x,o,o,x,x,x,o,x,9,empate,test,False
