approach,algo,params,train_acc,val_acc,val_prec,val_rec,val_f1,fit_time_s,gap
A1,kNN,"n_neighbors=1, weights=uniform, metric=euclidean",1.0,0.6585365853658537,0.5145506825075834,0.5062500000000001,0.5072577130226332,0.0072252999525517225,0.3414634146341463
A1,kNN,"n_neighbors=1, weights=uniform, metric=manhattan",1.0,0.6666666666666666,0.515785764622974,0.5125,0.5115792743900663,0.0010715000098571181,0.33333333333333337
A1,kNN,"n_neighbors=1, weights=distance, metric=euclidean",1.0,0.6585365853658537,0.5145506825075834,0.5062500000000001,0.5072577130226332,0.0010122000239789486,0.3414634146341463
A1,kNN,"n_neighbors=1, weights=distance, metric=manhattan",1.0,0.6666666666666666,0.515785764622974,0.5125,0.5115792743900663,0.001276700000744313,0.33333333333333337
A1,kNN,"n_neighbors=3, weights=uniform, metric=euclidean",0.9145833333333333,0.7642276422764228,0.5813301282051282,0.5875,0.5811366000914293,0.001139500003773719,0.1503556910569105
A1,kNN,"n_neighbors=3, weights=uniform, metric=manhattan",0.9125,0.7398373983739838,0.5697370164281929,0.56875,0.5661196911196912,0.0010599999804981053,0.1726626016260162
A1,kNN,"n_neighbors=3, weights=distance, metric=euclidean",1.0,0.7398373983739838,0.559271978021978,0.56875,0.5559942455242967,0.001026499958243221,0.26016260162601623
A1,kNN,"n_neighbors=3, weights=distance, metric=manhattan",1.0,0.7154471544715447,0.5473072562358277,0.55,0.5453213088902031,0.0011220999876968563,0.2845528455284553
A1,kNN,"n_neighbors=5, weights=uniform, metric=euclidean",0.9041666666666667,0.6910569105691057,0.5417547568710359,0.53125,0.5343290972107608,0.0016145000117830932,0.213109756097561
A1,kNN,"n_neighbors=5, weights=uniform, metric=manhattan",0.9,0.6747967479674797,0.5230144099042723,0.51875,0.5183659925039236,0.001111700024921447,0.22520325203252034
A1,kNN,"n_neighbors=5, weights=distance, metric=euclidean",1.0,0.6829268292682927,0.5274122807017544,0.525,0.5248769548305152,0.0014134999946691096,0.31707317073170727
A1,kNN,"n_neighbors=5, weights=distance, metric=manhattan",1.0,0.7154471544715447,0.5535069444444445,0.55,0.5467105263157894,0.0010415000142529607,0.2845528455284553
A1,kNN,"n_neighbors=7, weights=uniform, metric=euclidean",0.85,0.6260162601626016,0.4992063492063492,0.48124999999999996,0.48602172576347613,0.0010905000381171703,0.2239837398373984
A1,kNN,"n_neighbors=7, weights=uniform, metric=manhattan",0.825,0.6016260162601627,0.47638888888888886,0.4625,0.46757384319303824,0.0010242999996989965,0.2233739837398373
A1,kNN,"n_neighbors=7, weights=distance, metric=euclidean",1.0,0.6504065040650406,0.5100806802934463,0.5,0.5018618603880767,0.0018761999672278762,0.34959349593495936
A1,kNN,"n_neighbors=7, weights=distance, metric=manhattan",1.0,0.6829268292682927,0.5311905058448838,0.5249999999999999,0.5234861672589162,0.0014999000122770667,0.31707317073170727
A1,kNN,"n_neighbors=9, weights=uniform, metric=euclidean",0.81875,0.6341463414634146,0.5265870888693188,0.48750000000000004,0.49818093544685305,0.0014258000301197171,0.18460365853658534
A1,kNN,"n_neighbors=9, weights=uniform, metric=manhattan",0.7875,0.5691056910569106,0.4932847394540943,0.5145833333333334,0.4813536280977001,0.0012114999699406326,0.21839430894308942
A1,kNN,"n_neighbors=9, weights=distance, metric=euclidean",1.0,0.6341463414634146,0.5134185682000437,0.4875,0.49548192771084343,0.0014729999820701778,0.36585365853658536
A1,kNN,"n_neighbors=9, weights=distance, metric=manhattan",1.0,0.6504065040650406,0.5253236429707018,0.49999999999999994,0.5114160723916821,0.0010113000171259046,0.34959349593495936
A1,kNN,"n_neighbors=11, weights=uniform, metric=euclidean",0.83125,0.6178861788617886,0.5237980769230769,0.475,0.49090909090909096,0.0010631000041030347,0.2133638211382114
A1,kNN,"n_neighbors=11, weights=uniform, metric=manhattan",0.7854166666666667,0.6016260162601627,0.530989280989281,0.6166666666666666,0.5297722096547054,0.0009696999914012849,0.183790650406504
A1,kNN,"n_neighbors=11, weights=distance, metric=euclidean",1.0,0.6666666666666666,0.5398550724637682,0.5125,0.5212965329244399,0.0010023000068031251,0.33333333333333337
A1,kNN,"n_neighbors=11, weights=distance, metric=manhattan",1.0,0.6910569105691057,0.598575036075036,0.6854166666666667,0.6025112689843553,0.0009834000375121832,0.3089430894308943
A1,kNN,"n_neighbors=15, weights=uniform, metric=euclidean",0.7854166666666667,0.6016260162601627,0.5319155958458018,0.4625,0.4824481074481074,0.0010085999965667725,0.183790650406504
A1,kNN,"n_neighbors=15, weights=uniform, metric=manhattan",0.79375,0.6504065040650406,0.602541461916462,0.6541666666666667,0.569040404040404,0.0010161999962292612,0.14334349593495932
A1,kNN,"n_neighbors=15, weights=distance, metric=euclidean",1.0,0.6585365853658537,0.5465672990063234,0.5062500000000001,0.5189184794979351,0.0015486000338569283,0.3414634146341463
A1,kNN,"n_neighbors=15, weights=distance, metric=manhattan",1.0,0.7073170731707317,0.6392857142857143,0.6979166666666666,0.610537084398977,0.0010223999852314591,0.29268292682926833
A1,kNN,"n_neighbors=21, weights=uniform, metric=euclidean",0.7166666666666667,0.6097560975609756,0.551464254952627,0.46875,0.5026500345450932,0.0010830999817699194,0.10691056910569108
A1,kNN,"n_neighbors=21, weights=uniform, metric=manhattan",0.8020833333333334,0.6341463414634146,0.6052755115255115,0.6416666666666667,0.5536089857522686,0.0010025000083260238,0.16793699186991873
A1,kNN,"n_neighbors=21, weights=distance, metric=euclidean",1.0,0.6585365853658537,0.5482038123167156,0.50625,0.523064060035891,0.0009964000200852752,0.3414634146341463
A1,kNN,"n_neighbors=21, weights=distance, metric=manhattan",1.0,0.6747967479674797,0.624884983437615,0.6729166666666667,0.5801394022096349,0.0010030000121332705,0.3252032520325203
A1,Árvore de Decisão,"criterion=gini, max_depth=2, min_samples_leaf=1",0.43125,0.43902439024390244,0.256829980532122,0.4145833333333333,0.30894621570561587,0.0011017000069841743,-0.007774390243902418
A1,Árvore de Decisão,"criterion=gini, max_depth=2, min_samples_leaf=2",0.43125,0.43902439024390244,0.256829980532122,0.4145833333333333,0.30894621570561587,0.0009056999697349966,-0.007774390243902418
A1,Árvore de Decisão,"criterion=gini, max_depth=2, min_samples_leaf=5",0.43125,0.43902439024390244,0.256829980532122,0.4145833333333333,0.30894621570561587,0.0009929999941959977,-0.007774390243902418
A1,Árvore de Decisão,"criterion=gini, max_depth=2, min_samples_leaf=10",0.43125,0.43902439024390244,0.256829980532122,0.4145833333333333,0.30894621570561587,0.0008837999776005745,-0.007774390243902418
A1,Árvore de Decisão,"criterion=gini, max_depth=3, min_samples_leaf=1",0.51875,0.34146341463414637,0.2224830464267084,0.2625,0.22764555600376496,0.001045399985741824,0.17728658536585368
A1,Árvore de Decisão,"criterion=gini, max_depth=3, min_samples_leaf=2",0.51875,0.34146341463414637,0.2224830464267084,0.2625,0.22764555600376496,0.0009505999623797834,0.17728658536585368
A1,Árvore de Decisão,"criterion=gini, max_depth=3, min_samples_leaf=5",0.51875,0.34146341463414637,0.2224830464267084,0.2625,0.22764555600376496,0.0010142999817617238,0.17728658536585368
A1,Árvore de Decisão,"criterion=gini, max_depth=3, min_samples_leaf=10",0.51875,0.34146341463414637,0.2224830464267084,0.2625,0.22764555600376496,0.000992499990388751,0.17728658536585368
A1,Árvore de Decisão,"criterion=gini, max_depth=4, min_samples_leaf=1",0.6416666666666667,0.43089430894308944,0.3959280303030303,0.4083333333333333,0.3481292030820333,0.000984199985396117,0.21077235772357727
A1,Árvore de Decisão,"criterion=gini, max_depth=4, min_samples_leaf=2",0.6395833333333333,0.42276422764227645,0.39278846153846153,0.4020833333333333,0.34325301891091364,0.0011821999796666205,0.21681910569105683
A1,Árvore de Decisão,"criterion=gini, max_depth=4, min_samples_leaf=5",0.6395833333333333,0.42276422764227645,0.39278846153846153,0.4020833333333333,0.34325301891091364,0.001038899994455278,0.21681910569105683
A1,Árvore de Decisão,"criterion=gini, max_depth=4, min_samples_leaf=10",0.6395833333333333,0.42276422764227645,0.39278846153846153,0.4020833333333333,0.34325301891091364,0.0010274999658577144,0.21681910569105683
A1,Árvore de Decisão,"criterion=gini, max_depth=5, min_samples_leaf=1",0.7145833333333333,0.4878048780487805,0.4099948400412797,0.375,0.38165441412864093,0.0016780999721959233,0.22677845528455287
A1,Árvore de Decisão,"criterion=gini, max_depth=5, min_samples_leaf=2",0.7104166666666667,0.4796747967479675,0.41104975396391474,0.36875,0.3767917528480909,0.0016556999762542546,0.23074186991869922
A1,Árvore de Decisão,"criterion=gini, max_depth=5, min_samples_leaf=5",0.7041666666666667,0.4959349593495935,0.451570197044335,0.4583333333333333,0.4280741769952128,0.0021353000192902982,0.20823170731707324
A1,Árvore de Decisão,"criterion=gini, max_depth=5, min_samples_leaf=10",0.68125,0.45528455284552843,0.40225702122954443,0.4270833333333333,0.39006492322281794,0.0012750999885611236,0.2259654471544716
A1,Árvore de Decisão,"criterion=gini, max_depth=6, min_samples_leaf=1",0.8125,0.5203252032520326,0.4045745920745921,0.4,0.39198369565217395,0.0011903999838978052,0.2921747967479674
A1,Árvore de Decisão,"criterion=gini, max_depth=6, min_samples_leaf=2",0.8041666666666667,0.5447154471544715,0.4247685185185185,0.41875,0.411528232405892,0.001387299969792366,0.2594512195121952
A1,Árvore de Decisão,"criterion=gini, max_depth=6, min_samples_leaf=5",0.7958333333333333,0.5447154471544715,0.4711662026129792,0.49583333333333335,0.472433900274291,0.0012490000226534903,0.25111788617886177
A1,Árvore de Decisão,"criterion=gini, max_depth=6, min_samples_leaf=10",0.71875,0.4796747967479675,0.4182692307692308,0.44583333333333336,0.41186636610600547,0.0014099000254645944,0.23907520325203252
A1,Árvore de Decisão,"criterion=gini, max_depth=8, min_samples_leaf=1",0.9479166666666666,0.6016260162601627,0.46185064935064934,0.46249999999999997,0.45576563958916905,0.001334400032646954,0.346290650406504
A1,Árvore de Decisão,"criterion=gini, max_depth=8, min_samples_leaf=2",0.9020833333333333,0.6422764227642277,0.5143717880559986,0.49375,0.4941930025983443,0.001323700009379536,0.25980691056910565
A1,Árvore de Decisão,"criterion=gini, max_depth=8, min_samples_leaf=5",0.8229166666666666,0.5691056910569106,0.4888888888888889,0.5145833333333334,0.4911673612534444,0.0014560000272467732,0.2538109756097561
A1,Árvore de Decisão,"criterion=gini, max_depth=8, min_samples_leaf=10",0.7208333333333333,0.4878048780487805,0.42434210526315785,0.45208333333333334,0.4179926238145416,0.0013481000205501914,0.23302845528455285
A1,Árvore de Decisão,"criterion=gini, max_depth=10, min_samples_leaf=1",0.9958333333333333,0.6178861788617886,0.46577380952380953,0.47500000000000003,0.47027439024390244,0.0015005000168457627,0.3779471544715447
A1,Árvore de Decisão,"criterion=gini, max_depth=10, min_samples_leaf=2",0.9104166666666667,0.6260162601626016,0.5037971175166297,0.48125,0.4793514457439896,0.0012871999642811716,0.28440040650406506
A1,Árvore de Decisão,"criterion=gini, max_depth=10, min_samples_leaf=5",0.8229166666666666,0.5691056910569106,0.4888888888888889,0.5145833333333334,0.4911673612534444,0.0013345000334084034,0.2538109756097561
A1,Árvore de Decisão,"criterion=gini, max_depth=10, min_samples_leaf=10",0.7208333333333333,0.4878048780487805,0.42434210526315785,0.45208333333333334,0.4179926238145416,0.0011248000082559884,0.23302845528455285
A1,Árvore de Decisão,"criterion=gini, max_depth=None, min_samples_leaf=1",1.0,0.6016260162601627,0.452317911557042,0.46249999999999997,0.45610097144539297,0.0013455000007525086,0.39837398373983735
A1,Árvore de Decisão,"criterion=gini, max_depth=None, min_samples_leaf=2",0.9104166666666667,0.6260162601626016,0.5037971175166297,0.48125,0.4793514457439896,0.0012105999630875885,0.28440040650406506
A1,Árvore de Decisão,"criterion=gini, max_depth=None, min_samples_leaf=5",0.8229166666666666,0.5691056910569106,0.4888888888888889,0.5145833333333334,0.4911673612534444,0.0012762999976985157,0.2538109756097561
A1,Árvore de Decisão,"criterion=gini, max_depth=None, min_samples_leaf=10",0.7208333333333333,0.4878048780487805,0.42434210526315785,0.45208333333333334,0.4179926238145416,0.0012354000355117023,0.23302845528455285
A1,Árvore de Decisão,"criterion=entropy, max_depth=2, min_samples_leaf=1",0.39166666666666666,0.3252032520325203,0.20220588235294118,0.25,0.2170920920920921,0.0009176000021398067,0.06646341463414634
A1,Árvore de Decisão,"criterion=entropy, max_depth=2, min_samples_leaf=2",0.39166666666666666,0.3252032520325203,0.20220588235294118,0.25,0.2170920920920921,0.0012170000118203461,0.06646341463414634
A1,Árvore de Decisão,"criterion=entropy, max_depth=2, min_samples_leaf=5",0.39166666666666666,0.3252032520325203,0.20220588235294118,0.25,0.2170920920920921,0.0009467999916523695,0.06646341463414634
A1,Árvore de Decisão,"criterion=entropy, max_depth=2, min_samples_leaf=10",0.39166666666666666,0.3252032520325203,0.20220588235294118,0.25,0.2170920920920921,0.001199799997266382,0.06646341463414634
A1,Árvore de Decisão,"criterion=entropy, max_depth=3, min_samples_leaf=1",0.5604166666666667,0.37398373983739835,0.2477743271221532,0.3645833333333333,0.2653346653346653,0.0009983000345528126,0.18643292682926832
A1,Árvore de Decisão,"criterion=entropy, max_depth=3, min_samples_leaf=2",0.5604166666666667,0.37398373983739835,0.2477743271221532,0.3645833333333333,0.2653346653346653,0.0013434000429697335,0.18643292682926832
A1,Árvore de Decisão,"criterion=entropy, max_depth=3, min_samples_leaf=5",0.5604166666666667,0.37398373983739835,0.2477743271221532,0.3645833333333333,0.2653346653346653,0.0010285999742336571,0.18643292682926832
A1,Árvore de Decisão,"criterion=entropy, max_depth=3, min_samples_leaf=10",0.5604166666666667,0.37398373983739835,0.2477743271221532,0.3645833333333333,0.2653346653346653,0.0009548999951221049,0.18643292682926832
A1,Árvore de Decisão,"criterion=entropy, max_depth=4, min_samples_leaf=1",0.675,0.4634146341463415,0.4418831168831169,0.35625,0.3323310023310023,0.0011568000190891325,0.21158536585365856
A1,Árvore de Decisão,"criterion=entropy, max_depth=4, min_samples_leaf=2",0.6729166666666667,0.45528455284552843,0.44013157894736843,0.35,0.3293469174503657,0.0016802000463940203,0.21763211382113828
A1,Árvore de Decisão,"criterion=entropy, max_depth=4, min_samples_leaf=5",0.6729166666666667,0.45528455284552843,0.44013157894736843,0.35,0.3293469174503657,0.0015936000272631645,0.21763211382113828
A1,Árvore de Decisão,"criterion=entropy, max_depth=4, min_samples_leaf=10",0.6729166666666667,0.45528455284552843,0.44013157894736843,0.35,0.3293469174503657,0.0011138999834656715,0.21763211382113828
A1,Árvore de Decisão,"criterion=entropy, max_depth=5, min_samples_leaf=1",0.7458333333333333,0.5121951219512195,0.4182692307692308,0.39375000000000004,0.400137972809261,0.0013722000294364989,0.23363821138211383
A1,Árvore de Decisão,"criterion=entropy, max_depth=5, min_samples_leaf=2",0.7416666666666667,0.5040650406504065,0.42087542087542085,0.38749999999999996,0.3965144787148319,0.001124100002925843,0.23760162601626023
A1,Árvore de Decisão,"criterion=entropy, max_depth=5, min_samples_leaf=5",0.7416666666666667,0.5040650406504065,0.42087542087542085,0.38749999999999996,0.3965144787148319,0.0012728999718092382,0.23760162601626023
A1,Árvore de Decisão,"criterion=entropy, max_depth=5, min_samples_leaf=10",0.7229166666666667,0.4715447154471545,0.3862548741581,0.36250000000000004,0.3726730559336258,0.0010748999775387347,0.25137195121951217
A1,Árvore de Decisão,"criterion=entropy, max_depth=6, min_samples_leaf=1",0.8229166666666666,0.5934959349593496,0.460989010989011,0.45625000000000004,0.45111892583120206,0.0012538000009953976,0.22942073170731703
A1,Árvore de Decisão,"criterion=entropy, max_depth=6, min_samples_leaf=2",0.8166666666666667,0.5934959349593496,0.46347789115646254,0.45625,0.4551464686998395,0.0017234000260941684,0.22317073170731705
A1,Árvore de Decisão,"criterion=entropy, max_depth=6, min_samples_leaf=5",0.80625,0.5853658536585366,0.45250199362041466,0.45,0.4484664878500495,0.0017832000157795846,0.22088414634146347
A1,Árvore de Decisão,"criterion=entropy, max_depth=6, min_samples_leaf=10",0.75,0.4959349593495935,0.39083996787485165,0.38125000000000003,0.38535172817037117,0.0011620000004768372,0.2540650406504065
A1,Árvore de Decisão,"criterion=entropy, max_depth=8, min_samples_leaf=1",0.9604166666666667,0.6585365853658537,0.49444444444444446,0.50625,0.49707602339181284,0.0015510999946855009,0.301880081300813
A1,Árvore de Decisão,"criterion=entropy, max_depth=8, min_samples_leaf=2",0.9166666666666666,0.6178861788617886,0.48002045715831465,0.475,0.4712461241700344,0.0013439999893307686,0.298780487804878
A1,Árvore de Decisão,"criterion=entropy, max_depth=8, min_samples_leaf=5",0.8270833333333333,0.5934959349593496,0.45931041335453104,0.45625000000000004,0.4552035802035802,0.0012174000148661435,0.23358739837398368
A1,Árvore de Decisão,"criterion=entropy, max_depth=8, min_samples_leaf=10",0.75,0.4959349593495935,0.39083996787485165,0.38125000000000003,0.38535172817037117,0.0013761000009253621,0.2540650406504065
A1,Árvore de Decisão,"criterion=entropy, max_depth=10, min_samples_leaf=1",0.9958333333333333,0.6829268292682927,0.5212418300653595,0.525,0.5187657292920451,0.0015323000261560082,0.3129065040650406
A1,Árvore de Decisão,"criterion=entropy, max_depth=10, min_samples_leaf=2",0.9229166666666667,0.6341463414634146,0.49183262014483214,0.4875,0.48533688083557525,0.0013154000043869019,0.2887703252032521
A1,Árvore de Decisão,"criterion=entropy, max_depth=10, min_samples_leaf=5",0.8270833333333333,0.5934959349593496,0.45931041335453104,0.45625000000000004,0.4552035802035802,0.001259300042875111,0.23358739837398368
A1,Árvore de Decisão,"criterion=entropy, max_depth=10, min_samples_leaf=10",0.75,0.4959349593495935,0.39083996787485165,0.38125000000000003,0.38535172817037117,0.0013275999808683991,0.2540650406504065
A1,Árvore de Decisão,"criterion=entropy, max_depth=None, min_samples_leaf=1",1.0,0.6341463414634146,0.4832785087719298,0.4875,0.48061660561660563,0.0013444999931380153,0.36585365853658536
A1,Árvore de Decisão,"criterion=entropy, max_depth=None, min_samples_leaf=2",0.9229166666666667,0.6341463414634146,0.49183262014483214,0.4875,0.48533688083557525,0.0015358999953605235,0.2887703252032521
A1,Árvore de Decisão,"criterion=entropy, max_depth=None, min_samples_leaf=5",0.8270833333333333,0.5934959349593496,0.45931041335453104,0.45625000000000004,0.4552035802035802,0.0013928000116720796,0.23358739837398368
A1,Árvore de Decisão,"criterion=entropy, max_depth=None, min_samples_leaf=10",0.75,0.4959349593495935,0.39083996787485165,0.38125000000000003,0.38535172817037117,0.0013196999789215624,0.2540650406504065
A1,MLP,"hidden_layer_sizes=(8,), activation=relu, alpha=0.0001",0.8479166666666667,0.6178861788617886,0.4706159917638984,0.475,0.4699995952727861,6.8545721000409685,0.230030487804878
A1,MLP,"hidden_layer_sizes=(8,), activation=relu, alpha=0.01",0.85625,0.6585365853658537,0.4976139162561576,0.50625,0.497415164369035,7.30820660002064,0.19771341463414627
A1,MLP,"hidden_layer_sizes=(8,), activation=tanh, alpha=0.0001",0.8625,0.6666666666666666,0.5055499325236168,0.5125,0.5032210543080108,10.837674500013236,0.19583333333333341
A1,MLP,"hidden_layer_sizes=(8,), activation=tanh, alpha=0.01",0.8625,0.6585365853658537,0.4962975243147657,0.50625,0.4951155751238305,9.908486999978777,0.20396341463414636
A1,MLP,"hidden_layer_sizes=(16,), activation=relu, alpha=0.0001",0.9729166666666667,0.7560975609756098,0.5656565656565656,0.58125,0.5708529987337401,11.253908800019417,0.2168191056910569
A1,MLP,"hidden_layer_sizes=(16,), activation=relu, alpha=0.01",0.9729166666666667,0.7398373983739838,0.5537518037518038,0.56875,0.5602420685860994,11.464289499970619,0.23307926829268288
A1,MLP,"hidden_layer_sizes=(16,), activation=tanh, alpha=0.0001",0.9520833333333333,0.6504065040650406,0.4985424254041276,0.5,0.49732776298112047,18.8306481000036,0.30167682926829265
A1,MLP,"hidden_layer_sizes=(16,), activation=tanh, alpha=0.01",0.9520833333333333,0.6666666666666666,0.5072399527186762,0.5125,0.507986644329657,17.281484899984207,0.28541666666666665
A1,MLP,"hidden_layer_sizes=(32,), activation=relu, alpha=0.0001",1.0,0.6829268292682927,0.5202574525745258,0.525,0.5214061843060811,9.456891000038013,0.31707317073170727
A1,MLP,"hidden_layer_sizes=(32,), activation=relu, alpha=0.01",1.0,0.6910569105691057,0.5247372372372372,0.53125,0.5270339954163483,8.473208100011107,0.3089430894308943
A1,MLP,"hidden_layer_sizes=(32,), activation=tanh, alpha=0.0001",1.0,0.7398373983739838,0.5664313222079589,0.56875,0.567426400759734,12.128966400050558,0.26016260162601623
A1,MLP,"hidden_layer_sizes=(32,), activation=tanh, alpha=0.01",1.0,0.7317073170731707,0.5594414100511661,0.5625,0.560597261816774,11.355895100045018,0.2682926829268293
A1,MLP,"hidden_layer_sizes=(64,), activation=relu, alpha=0.0001",1.0,0.7642276422764228,0.6325202708723158,0.6645833333333334,0.6366451312496363,9.871044499974232,0.2357723577235772
A1,MLP,"hidden_layer_sizes=(64,), activation=relu, alpha=0.01",1.0,0.7560975609756098,0.6250360750360751,0.6583333333333333,0.6288048552754435,8.346540699945763,0.24390243902439024
A1,MLP,"hidden_layer_sizes=(64,), activation=tanh, alpha=0.0001",1.0,0.7886178861788617,0.6101884226884227,0.60625,0.6072340661781035,14.34308159997454,0.21138211382113825
A1,MLP,"hidden_layer_sizes=(64,), activation=tanh, alpha=0.01",1.0,0.7804878048780488,0.6037851037851039,0.6,0.6003971208736659,13.240153099992312,0.2195121951219512
A1,MLP,"hidden_layer_sizes=(16, 8), activation=relu, alpha=0.0001",1.0,0.6910569105691057,0.5400332225913621,0.53125,0.5343735919286904,10.398556000029203,0.3089430894308943
A1,MLP,"hidden_layer_sizes=(16, 8), activation=relu, alpha=0.01",1.0,0.7154471544715447,0.550440379403794,0.55,0.5490587853074953,8.448859099997208,0.2845528455284553
A1,MLP,"hidden_layer_sizes=(16, 8), activation=tanh, alpha=0.0001",1.0,0.7235772357723578,0.6290420819490588,0.6333333333333334,0.6301616220981487,9.050007500045467,0.2764227642276422
A1,MLP,"hidden_layer_sizes=(16, 8), activation=tanh, alpha=0.01",1.0,0.7235772357723578,0.6290420819490588,0.6333333333333334,0.6301616220981487,9.139561099989805,0.2764227642276422
A1,MLP,"hidden_layer_sizes=(32, 16), activation=relu, alpha=0.0001",1.0,0.7560975609756098,0.5852231447846393,0.58125,0.5786930608769689,4.704935599991586,0.24390243902439024
A1,MLP,"hidden_layer_sizes=(32, 16), activation=relu, alpha=0.01",1.0,0.7642276422764228,0.5824938140685755,0.5875,0.5825683653282676,4.516541799996048,0.2357723577235772
A1,MLP,"hidden_layer_sizes=(32, 16), activation=tanh, alpha=0.0001",1.0,0.7479674796747967,0.5663186745503819,0.575,0.569746124570686,7.646913999982644,0.2520325203252033
A1,MLP,"hidden_layer_sizes=(32, 16), activation=tanh, alpha=0.01",1.0,0.7479674796747967,0.5663186745503819,0.575,0.569746124570686,7.620858200010844,0.2520325203252033
A1,MLP,"hidden_layer_sizes=(64, 32), activation=relu, alpha=0.0001",1.0,0.7804878048780488,0.5913789053323937,0.6000000000000001,0.5931574808500724,4.346807399997488,0.2195121951219512
A1,MLP,"hidden_layer_sizes=(64, 32), activation=relu, alpha=0.01",1.0,0.7967479674796748,0.6054731768048396,0.6125,0.604549328933022,4.263014700030908,0.2032520325203252
A1,MLP,"hidden_layer_sizes=(64, 32), activation=tanh, alpha=0.0001",1.0,0.7642276422764228,0.5822748679891537,0.5875,0.5813004249283505,8.555407000007108,0.2357723577235772
A1,MLP,"hidden_layer_sizes=(64, 32), activation=tanh, alpha=0.01",1.0,0.7398373983739838,0.5613839285714286,0.56875,0.5612125468164795,8.497161600040272,0.26016260162601623
A1,Random Forest,"n_estimators=10, max_depth=3, max_features=sqrt",0.7020833333333333,0.42276422764227645,0.3681472451446195,0.4020833333333333,0.3692523615589117,0.05813670001225546,0.27931910569105683
A1,Random Forest,"n_estimators=10, max_depth=3, max_features=None",0.6875,0.4878048780487805,0.4319722650231125,0.45208333333333334,0.40894052184374763,0.055022999993525445,0.19969512195121952
A1,Random Forest,"n_estimators=10, max_depth=5, max_features=sqrt",0.8791666666666667,0.6341463414634146,0.5722795286474531,0.5645833333333333,0.5605919583023083,0.057919799990486354,0.245020325203252
A1,Random Forest,"n_estimators=10, max_depth=5, max_features=None",0.8541666666666666,0.6178861788617886,0.5341018748276812,0.5520833333333333,0.5358950038906205,0.061939200037159026,0.23628048780487798
A1,Random Forest,"n_estimators=10, max_depth=8, max_features=sqrt",0.98125,0.6585365853658537,0.4987466124661247,0.50625,0.5014973435768069,0.0563572000246495,0.32271341463414627
A1,Random Forest,"n_estimators=10, max_depth=8, max_features=None",0.9854166666666667,0.6747967479674797,0.5954633925238629,0.5958333333333333,0.5936516357206013,0.06476929999189451,0.31061991869918704
A1,Random Forest,"n_estimators=10, max_depth=None, max_features=sqrt",0.9979166666666667,0.6666666666666666,0.5065958815958816,0.5125,0.5091067469116249,0.06146749999606982,0.33125000000000004
A1,Random Forest,"n_estimators=10, max_depth=None, max_features=None",0.9895833333333334,0.6910569105691057,0.609375,0.6083333333333333,0.606359649122807,0.06344579998403788,0.2985264227642277
A1,Random Forest,"n_estimators=50, max_depth=3, max_features=sqrt",0.7229166666666667,0.4959349593495935,0.44417862838915473,0.4583333333333333,0.4294289108888377,0.2558790000039153,0.22698170731707318
A1,Random Forest,"n_estimators=50, max_depth=3, max_features=None",0.69375,0.4959349593495935,0.4355072463768116,0.4583333333333333,0.41385836385836383,0.2674354000482708,0.1978150406504065
A1,Random Forest,"n_estimators=50, max_depth=5, max_features=sqrt",0.9145833333333333,0.6585365853658537,0.5913461538461539,0.5833333333333333,0.577352260676757,0.26893280004151165,0.2560467479674796
A1,Random Forest,"n_estimators=50, max_depth=5, max_features=None",0.9104166666666667,0.6585365853658537,0.5905051675842752,0.5833333333333334,0.5745730724722322,0.2902475000009872,0.25188008130081296
A1,Random Forest,"n_estimators=50, max_depth=8, max_features=sqrt",1.0,0.7886178861788617,0.7210573476702509,0.6833333333333333,0.6937033968516984,0.2767932999995537,0.21138211382113825
A1,Random Forest,"n_estimators=50, max_depth=8, max_features=None",1.0,0.7886178861788617,0.6835450396374767,0.6833333333333333,0.6796720841664662,0.3175348999793641,0.21138211382113825
A1,Random Forest,"n_estimators=50, max_depth=None, max_features=sqrt",1.0,0.7479674796747967,0.5647233201581028,0.575,0.5663067552602437,0.335890999995172,0.2520325203252033
A1,Random Forest,"n_estimators=50, max_depth=None, max_features=None",1.0,0.7804878048780488,0.6769012237762239,0.6770833333333334,0.6734000530710259,0.3371749000507407,0.2195121951219512
A1,Random Forest,"n_estimators=100, max_depth=3, max_features=sqrt",0.7208333333333333,0.4715447154471545,0.41426282051282054,0.43958333333333327,0.40551749262020315,0.5237363000051118,0.24928861788617884
A1,Random Forest,"n_estimators=100, max_depth=3, max_features=None",0.6916666666666667,0.4959349593495935,0.4340277777777778,0.4583333333333333,0.41560909999480816,0.5367368999868631,0.19573170731707318
A1,Random Forest,"n_estimators=100, max_depth=5, max_features=sqrt",0.9291666666666667,0.6666666666666666,0.629080459770115,0.5895833333333333,0.5989925768822906,0.5435882000019774,0.26250000000000007
A1,Random Forest,"n_estimators=100, max_depth=5, max_features=None",0.9104166666666667,0.6829268292682927,0.6130208333333333,0.6020833333333333,0.592467320261438,0.5867689999868162,0.22748983739837392
A1,Random Forest,"n_estimators=100, max_depth=8, max_features=sqrt",1.0,0.7804878048780488,0.7156939308937906,0.6770833333333334,0.6878780434545256,0.5462484000017866,0.2195121951219512
A1,Random Forest,"n_estimators=100, max_depth=8, max_features=None",1.0,0.7967479674796748,0.6867372234935164,0.6895833333333333,0.6864270470451621,0.6036068000248633,0.2032520325203252
A1,Random Forest,"n_estimators=100, max_depth=None, max_features=sqrt",1.0,0.7804878048780488,0.5889136562796826,0.6,0.5915887186848701,0.5557092999806628,0.2195121951219512
A1,Random Forest,"n_estimators=100, max_depth=None, max_features=None",1.0,0.7723577235772358,0.6694353417042492,0.6708333333333334,0.6664218209162031,0.6439158999710344,0.22764227642276424
A1,Random Forest,"n_estimators=200, max_depth=3, max_features=sqrt",0.7333333333333333,0.4959349593495935,0.44249056749056753,0.4583333333333333,0.4342052746308065,0.9960405000019819,0.2373983739837398
A1,Random Forest,"n_estimators=200, max_depth=3, max_features=None",0.6958333333333333,0.5040650406504065,0.4348754789272031,0.4645833333333333,0.4203010033444816,1.5608158999821171,0.19176829268292683
A1,Random Forest,"n_estimators=200, max_depth=5, max_features=sqrt",0.93125,0.6504065040650406,0.6202940577940578,0.5770833333333333,0.5857730172045393,0.30986330000450835,0.2808434959349594
A1,Random Forest,"n_estimators=200, max_depth=5, max_features=None",0.9166666666666666,0.7073170731707317,0.637657582499073,0.6208333333333333,0.6140140845070423,0.734526900050696,0.20934959349593496
A1,Random Forest,"n_estimators=200, max_depth=8, max_features=sqrt",1.0,0.7967479674796748,0.7252669994944388,0.6895833333333333,0.6997809065720245,1.1568071999936365,0.2032520325203252
A1,Random Forest,"n_estimators=200, max_depth=8, max_features=None",1.0,0.7886178861788617,0.6839258283958746,0.6833333333333335,0.6784907949570079,1.297852799994871,0.21138211382113825
A1,Random Forest,"n_estimators=200, max_depth=None, max_features=sqrt",1.0,0.7967479674796748,0.7263539651837524,0.6895833333333333,0.6983579638752052,1.1322677999851294,0.2032520325203252
A1,Random Forest,"n_estimators=200, max_depth=None, max_features=None",1.0,0.7723577235772358,0.671014254385965,0.6708333333333334,0.6659188034188035,1.2311764000332914,0.22764227642276424
A1,SVM,"kernel=linear, C=0.1",0.5666666666666667,0.4796747967479675,0.4348813209494324,0.44583333333333336,0.41291208791208794,0.02528509998228401,0.08699186991869917
A1,SVM,"kernel=linear, C=1",0.5958333333333333,0.5853658536585366,0.34857800878972284,0.5270833333333333,0.4052179962894249,0.03924169996753335,0.010467479674796776
A1,SVM,"kernel=linear, C=10",0.5958333333333333,0.5772357723577236,0.3447057868240134,0.5208333333333334,0.4038709584957578,0.07855080004082993,0.018597560975609717
A1,SVM,"kernel=linear, C=100",0.5895833333333333,0.5934959349593496,0.4494971264367816,0.5333333333333333,0.4300917336631622,0.4380507000023499,-0.003912601626016254
A1,SVM,"kernel=rbf, C=0.1, gamma=scale",0.725,0.5528455284552846,0.49091847265221883,0.5020833333333333,0.48144802942656456,0.03851729998132214,0.17215447154471542
A1,SVM,"kernel=rbf, C=0.1, gamma=0.01",0.43333333333333335,0.3333333333333333,0.29548826777087644,0.3333333333333333,0.28455768486256294,0.03784849995281547,0.10000000000000003
A1,SVM,"kernel=rbf, C=0.1, gamma=0.1",0.6791666666666667,0.4796747967479675,0.4207035699492596,0.44583333333333336,0.41479625447016755,0.04319160000886768,0.19949186991869922
A1,SVM,"kernel=rbf, C=0.1, gamma=1",0.9979166666666667,0.7154471544715447,0.5764344262295081,0.55,0.4999763237193285,0.03821329999482259,0.28246951219512195
A1,SVM,"kernel=rbf, C=1, gamma=scale",0.94375,0.8130081300813008,0.6176356589147287,0.625,0.6155687685808168,0.026080299983732402,0.13074186991869918
A1,SVM,"kernel=rbf, C=1, gamma=0.01",0.55,0.4146341463414634,0.3624767369727047,0.3958333333333333,0.3547935339308579,0.03707570000551641,0.13536585365853665
A1,SVM,"kernel=rbf, C=1, gamma=0.1",0.9041666666666667,0.7642276422764228,0.6606243458922031,0.6645833333333334,0.6584550166721977,0.02605109999421984,0.13993902439024386
A1,SVM,"kernel=rbf, C=1, gamma=1",1.0,0.7967479674796748,0.596602787456446,0.6124999999999999,0.6043887383318277,0.043180599983315915,0.2032520325203252
A1,SVM,"kernel=rbf, C=10, gamma=scale",1.0,0.8780487804878049,0.6631701631701632,0.675,0.668474984930681,0.03638349997345358,0.12195121951219512
A1,SVM,"kernel=rbf, C=10, gamma=0.01",0.8416666666666667,0.6991869918699187,0.6009226572528883,0.6145833333333334,0.606109245692579,0.036776900000404567,0.14247967479674795
A1,SVM,"kernel=rbf, C=10, gamma=0.1",0.9979166666666667,0.8699186991869918,0.6569388214125056,0.66875,0.6618601676308302,0.033679199987091124,0.12799796747967485
A1,SVM,"kernel=rbf, C=10, gamma=1",1.0,0.8048780487804879,0.6048534798534798,0.61875,0.6115313368323556,0.038735699956305325,0.19512195121951215
A1,SVM,"kernel=rbf, C=100, gamma=scale",1.0,0.8943089430894309,0.675990675990676,0.6875,0.6811332127787824,0.037803900020662695,0.10569105691056913
A1,SVM,"kernel=rbf, C=100, gamma=0.01",0.93125,0.8455284552845529,0.7677385265700483,0.7270833333333334,0.7332535262377331,0.07967319997260347,0.08572154471544713
A1,SVM,"kernel=rbf, C=100, gamma=0.1",1.0,0.8861788617886179,0.6714255784023225,0.68125,0.6755536558651457,0.03835029999027029,0.11382113821138207
A1,SVM,"kernel=rbf, C=100, gamma=1",1.0,0.8048780487804879,0.6048534798534798,0.61875,0.6115313368323556,0.040625000023283064,0.19512195121951215
A1,SVM,"kernel=poly, C=0.1, degree=2, gamma=scale",0.6625,0.42276422764227645,0.3442235338787063,0.325,0.32847972255927854,0.02544350002426654,0.23973577235772353
A1,SVM,"kernel=poly, C=0.1, degree=3, gamma=scale",0.7395833333333334,0.6097560975609756,0.6567139001349528,0.5458333333333334,0.5517241379310345,0.02807319996645674,0.12982723577235777
A1,SVM,"kernel=poly, C=1, degree=2, gamma=scale",0.7541666666666667,0.4715447154471545,0.36265299877600976,0.3625,0.3623455359901143,0.021800699993036687,0.28262195121951217
A1,SVM,"kernel=poly, C=1, degree=3, gamma=scale",0.9625,0.8536585365853658,0.6568467574210626,0.65625,0.6555999827771124,0.02670310001121834,0.10884146341463419
A1,SVM,"kernel=poly, C=10, degree=2, gamma=scale",0.83125,0.5691056910569106,0.4226344086021505,0.4375,0.4263655101339746,0.03519450000021607,0.2621443089430895
A1,SVM,"kernel=poly, C=10, degree=3, gamma=scale",0.9979166666666667,0.8130081300813008,0.6225649350649352,0.625,0.62232868757259,0.03345619997708127,0.18490853658536588
A1,SVM,"kernel=poly, C=100, degree=2, gamma=scale",0.9375,0.8048780487804879,0.6058877814691768,0.61875,0.6104181431608788,0.17763049999484792,0.13262195121951215
A1,SVM,"kernel=poly, C=100, degree=3, gamma=scale",1.0,0.8536585365853658,0.6588235756632228,0.65625,0.6542189331513847,0.03683150000870228,0.14634146341463417
A2,kNN,"n_neighbors=1, weights=uniform, metric=euclidean",0.73125,0.7642276422764228,0.5837944664031621,0.5874999999999999,0.5660915228807202,0.01070770004298538,-0.03297764227642286
A2,kNN,"n_neighbors=1, weights=uniform, metric=manhattan",0.73125,0.7560975609756098,0.576223544973545,0.58125,0.5573810127786409,0.011886599997524172,-0.024847560975609806
A2,kNN,"n_neighbors=1, weights=distance, metric=euclidean",0.73125,0.7642276422764228,0.5837944664031621,0.5874999999999999,0.5660915228807202,0.010024100018199533,-0.03297764227642286
A2,kNN,"n_neighbors=1, weights=distance, metric=manhattan",0.73125,0.7560975609756098,0.576223544973545,0.58125,0.5573810127786409,0.007651599997188896,-0.024847560975609806
A2,kNN,"n_neighbors=3, weights=uniform, metric=euclidean",0.7,0.8048780487804879,0.6132815057283142,0.6187499999999999,0.6037443399512366,0.008270699996501207,-0.1048780487804879
A2,kNN,"n_neighbors=3, weights=uniform, metric=manhattan",0.7083333333333334,0.8211382113821138,0.6245098039215686,0.63125,0.6169196036623604,0.008358200022485107,-0.11280487804878048
A2,kNN,"n_neighbors=3, weights=distance, metric=euclidean",0.7395833333333334,0.7723577235772358,0.5876225490196079,0.59375,0.5754557942057942,0.02486740000313148,-0.032774390243902385
A2,kNN,"n_neighbors=3, weights=distance, metric=manhattan",0.7395833333333334,0.7723577235772358,0.5844063545150502,0.59375,0.5758633429260325,0.012557799986097962,-0.032774390243902385
A2,kNN,"n_neighbors=5, weights=uniform, metric=euclidean",0.6770833333333334,0.7560975609756098,0.5737315875613748,0.58125,0.566179031696273,0.011491399956867099,-0.07901422764227639
A2,kNN,"n_neighbors=5, weights=uniform, metric=manhattan",0.6979166666666666,0.8211382113821138,0.6241787439613526,0.63125,0.616959774769563,0.00893559999531135,-0.12322154471544722
A2,kNN,"n_neighbors=5, weights=distance, metric=euclidean",0.7395833333333334,0.7804878048780488,0.5929166666666666,0.6000000000000001,0.5830031080031081,0.010000100010074675,-0.04090447154471544
A2,kNN,"n_neighbors=5, weights=distance, metric=manhattan",0.7395833333333334,0.7967479674796748,0.604334710472818,0.6125,0.5963881080160149,0.007992100028786808,-0.05716463414634143
A2,kNN,"n_neighbors=7, weights=uniform, metric=euclidean",0.6604166666666667,0.7642276422764228,0.5883771380892783,0.5875,0.5741821396993811,0.009185300034005195,-0.10381097560975616
A2,kNN,"n_neighbors=7, weights=uniform, metric=manhattan",0.675,0.8048780487804879,0.6063530734632683,0.61875,0.605202684070227,0.009758800035342574,-0.1298780487804878
A2,kNN,"n_neighbors=7, weights=distance, metric=euclidean",0.7395833333333334,0.7804878048780488,0.5935002085940759,0.6000000000000001,0.5832259694328661,0.014419899962376803,-0.04090447154471544
A2,kNN,"n_neighbors=7, weights=distance, metric=manhattan",0.7395833333333334,0.7886178861788617,0.5952254428341385,0.60625,0.590664892591307,0.00828650000039488,-0.04903455284552838
A2,kNN,"n_neighbors=9, weights=uniform, metric=euclidean",0.6458333333333334,0.7235772357723578,0.557108843537415,0.55625,0.5418929463171036,0.01759699999820441,-0.0777439024390244
A2,kNN,"n_neighbors=9, weights=uniform, metric=manhattan",0.6708333333333333,0.7804878048780488,0.5897219407857706,0.6,0.5849462489952408,0.01400249998550862,-0.10965447154471553
A2,kNN,"n_neighbors=9, weights=distance, metric=euclidean",0.7395833333333334,0.7154471544715447,0.5487117552334944,0.55,0.5330105322683255,0.02427020005416125,0.02413617886178865
A2,kNN,"n_neighbors=9, weights=distance, metric=manhattan",0.7395833333333334,0.7804878048780488,0.5898173650731195,0.6000000000000001,0.5833178449457519,0.014692199998535216,-0.04090447154471544
A2,kNN,"n_neighbors=11, weights=uniform, metric=euclidean",0.64375,0.7317073170731707,0.5627083333333334,0.5625,0.549543512043512,0.013273299962747842,-0.08795731707317067
A2,kNN,"n_neighbors=11, weights=uniform, metric=manhattan",0.65625,0.8048780487804879,0.610354267310789,0.61875,0.6041999305796598,0.013088100007735193,-0.14862804878048785
A2,kNN,"n_neighbors=11, weights=distance, metric=euclidean",0.7395833333333334,0.7235772357723578,0.5553240740740741,0.55625,0.5410532697121402,0.012053199985530227,0.016006097560975596
A2,kNN,"n_neighbors=11, weights=distance, metric=manhattan",0.7395833333333334,0.7804878048780488,0.5909188034188034,0.6000000000000001,0.5837072773773541,0.019829199998639524,-0.04090447154471544
A2,kNN,"n_neighbors=15, weights=uniform, metric=euclidean",0.6208333333333333,0.7479674796747967,0.592877358490566,0.575,0.5577956989247312,0.012134600023273379,-0.12713414634146336
A2,kNN,"n_neighbors=15, weights=uniform, metric=manhattan",0.6583333333333333,0.8130081300813008,0.6258032540333607,0.625,0.6087342148037009,0.011087699967902154,-0.15467479674796747
A2,kNN,"n_neighbors=15, weights=distance, metric=euclidean",0.7395833333333334,0.7398373983739838,0.5730442176870748,0.56875,0.54663917443621,0.009943299985025078,-0.0002540650406503975
A2,kNN,"n_neighbors=15, weights=distance, metric=manhattan",0.7395833333333334,0.7886178861788617,0.5992140468227425,0.60625,0.5889904332270359,0.009060699958354235,-0.04903455284552838
A2,kNN,"n_neighbors=21, weights=uniform, metric=euclidean",0.6166666666666667,0.7317073170731707,0.5994827586206897,0.5625,0.5362502576788291,0.013166199962142855,-0.11504065040650402
A2,kNN,"n_neighbors=21, weights=uniform, metric=manhattan",0.6375,0.8048780487804879,0.6339622641509435,0.61875,0.5985663082437276,0.007681699993554503,-0.1673780487804879
A2,kNN,"n_neighbors=21, weights=distance, metric=euclidean",0.7395833333333334,0.7560975609756098,0.5944444444444443,0.58125,0.555578093306288,0.015839400002732873,-0.01651422764227639
A2,kNN,"n_neighbors=21, weights=distance, metric=manhattan",0.7395833333333334,0.7886178861788617,0.6101363175831261,0.60625,0.5846548253052076,0.010680600011255592,-0.04903455284552838
A2,Árvore de Decisão,"criterion=gini, max_depth=2, min_samples_leaf=1",0.725,0.6422764227642277,0.43472906403940886,0.725,0.5377551020408163,0.004898499988485128,0.08272357723577228
A2,Árvore de Decisão,"criterion=gini, max_depth=2, min_samples_leaf=2",0.725,0.6422764227642277,0.43472906403940886,0.725,0.5377551020408163,0.004670900001656264,0.08272357723577228
A2,Árvore de Decisão,"criterion=gini, max_depth=2, min_samples_leaf=5",0.725,0.6422764227642277,0.43472906403940886,0.725,0.5377551020408163,0.0038101999671198428,0.08272357723577228
A2,Árvore de Decisão,"criterion=gini, max_depth=2, min_samples_leaf=10",0.725,0.6422764227642277,0.43472906403940886,0.725,0.5377551020408163,0.004713399976026267,0.08272357723577228
A2,Árvore de Decisão,"criterion=gini, max_depth=3, min_samples_leaf=1",0.8104166666666667,0.7479674796747967,0.6823961764999501,0.80625,0.7050969684683543,0.007144100032746792,0.062449186991869965
A2,Árvore de Decisão,"criterion=gini, max_depth=3, min_samples_leaf=2",0.8104166666666667,0.7479674796747967,0.6823961764999501,0.80625,0.7050969684683543,0.004424799990374595,0.062449186991869965
A2,Árvore de Decisão,"criterion=gini, max_depth=3, min_samples_leaf=5",0.8104166666666667,0.7479674796747967,0.6823961764999501,0.80625,0.7050969684683543,0.004131499968934804,0.062449186991869965
A2,Árvore de Decisão,"criterion=gini, max_depth=3, min_samples_leaf=10",0.8104166666666667,0.7479674796747967,0.6823961764999501,0.80625,0.7050969684683543,0.003887499973643571,0.062449186991869965
A2,Árvore de Decisão,"criterion=gini, max_depth=4, min_samples_leaf=1",0.875,0.7967479674796748,0.7283623693379792,0.84375,0.7451566951566951,0.004087399982381612,0.0782520325203252
A2,Árvore de Decisão,"criterion=gini, max_depth=4, min_samples_leaf=2",0.875,0.7967479674796748,0.7283623693379792,0.84375,0.7451566951566951,0.004962200007867068,0.0782520325203252
A2,Árvore de Decisão,"criterion=gini, max_depth=4, min_samples_leaf=5",0.875,0.7967479674796748,0.7283623693379792,0.84375,0.7451566951566951,0.005288999993354082,0.0782520325203252
A2,Árvore de Decisão,"criterion=gini, max_depth=4, min_samples_leaf=10",0.875,0.7967479674796748,0.7283623693379792,0.84375,0.7451566951566951,0.005244400002993643,0.0782520325203252
A2,Árvore de Decisão,"criterion=gini, max_depth=5, min_samples_leaf=1",0.9,0.8292682926829268,0.7664451827242525,0.86875,0.7716293746414228,0.0052939000306651,0.07073170731707323
A2,Árvore de Decisão,"criterion=gini, max_depth=5, min_samples_leaf=2",0.9,0.8292682926829268,0.7664451827242525,0.86875,0.7716293746414228,0.004128800006583333,0.07073170731707323
A2,Árvore de Decisão,"criterion=gini, max_depth=5, min_samples_leaf=5",0.89375,0.7967479674796748,0.7396825396825396,0.84375,0.7420390013929069,0.005223100015427917,0.09700203252032524
A2,Árvore de Decisão,"criterion=gini, max_depth=5, min_samples_leaf=10",0.875,0.7967479674796748,0.7283623693379792,0.84375,0.7451566951566951,0.004513499967288226,0.0782520325203252
A2,Árvore de Decisão,"criterion=gini, max_depth=6, min_samples_leaf=1",0.9041666666666667,0.8048780487804879,0.7345467032967032,0.85,0.7527146464646465,0.0060041999677196145,0.09928861788617882
A2,Árvore de Decisão,"criterion=gini, max_depth=6, min_samples_leaf=2",0.9041666666666667,0.8048780487804879,0.7345467032967032,0.85,0.7527146464646465,0.004503300006035715,0.09928861788617882
A2,Árvore de Decisão,"criterion=gini, max_depth=6, min_samples_leaf=5",0.8979166666666667,0.7886178861788617,0.7275974025974025,0.8375,0.7358934971838198,0.004400899983011186,0.10929878048780495
A2,Árvore de Decisão,"criterion=gini, max_depth=6, min_samples_leaf=10",0.9083333333333333,0.8373983739837398,0.7555845915602013,0.875,0.7818549642079055,0.004651400027796626,0.07093495934959348
A2,Árvore de Decisão,"criterion=gini, max_depth=8, min_samples_leaf=1",0.9416666666666667,0.8536585365853658,0.7700154858691444,0.8875,0.7951706608569354,0.005873299960512668,0.08800813008130082
A2,Árvore de Decisão,"criterion=gini, max_depth=8, min_samples_leaf=2",0.9375,0.8373983739837398,0.7532432844932845,0.875,0.7822702076611235,0.005106399999931455,0.10010162601626016
A2,Árvore de Decisão,"criterion=gini, max_depth=8, min_samples_leaf=5",0.9229166666666667,0.8292682926829268,0.7540283790283789,0.86875,0.7742422342071157,0.004186499980278313,0.09364837398373993
A2,Árvore de Decisão,"criterion=gini, max_depth=8, min_samples_leaf=10",0.9083333333333333,0.8373983739837398,0.7555845915602013,0.875,0.7818549642079055,0.004632800002582371,0.07093495934959348
A2,Árvore de Decisão,"criterion=gini, max_depth=10, min_samples_leaf=1",0.9479166666666666,0.8455284552845529,0.7614215309779825,0.88125,0.7887272162386082,0.005377299967221916,0.10238821138211374
A2,Árvore de Decisão,"criterion=gini, max_depth=10, min_samples_leaf=2",0.9375,0.8455284552845529,0.7595883648515227,0.88125,0.7890524597615652,0.005602200049906969,0.0919715447154471
A2,Árvore de Decisão,"criterion=gini, max_depth=10, min_samples_leaf=5",0.9229166666666667,0.8292682926829268,0.7540283790283789,0.86875,0.7742422342071157,0.004255599982570857,0.09364837398373993
A2,Árvore de Decisão,"criterion=gini, max_depth=10, min_samples_leaf=10",0.9083333333333333,0.8373983739837398,0.7555845915602013,0.875,0.7818549642079055,0.0047716000117361546,0.07093495934959348
A2,Árvore de Decisão,"criterion=gini, max_depth=None, min_samples_leaf=1",0.9645833333333333,0.8292682926829268,0.7464443018222088,0.8687499999999999,0.7769464845684106,0.005229000002145767,0.13531504065040656
A2,Árvore de Decisão,"criterion=gini, max_depth=None, min_samples_leaf=2",0.94375,0.8048780487804879,0.7257727652464494,0.8500000000000001,0.7585382311312991,0.004986899963114411,0.13887195121951212
A2,Árvore de Decisão,"criterion=gini, max_depth=None, min_samples_leaf=5",0.9229166666666667,0.8292682926829268,0.7540283790283789,0.86875,0.7742422342071157,0.005828099965583533,0.09364837398373993
A2,Árvore de Decisão,"criterion=gini, max_depth=None, min_samples_leaf=10",0.9083333333333333,0.8373983739837398,0.7555845915602013,0.875,0.7818549642079055,0.004176199960056692,0.07093495934959348
A2,Árvore de Decisão,"criterion=entropy, max_depth=2, min_samples_leaf=1",0.725,0.6422764227642277,0.43472906403940886,0.725,0.5377551020408163,0.004139399970881641,0.08272357723577228
A2,Árvore de Decisão,"criterion=entropy, max_depth=2, min_samples_leaf=2",0.725,0.6422764227642277,0.43472906403940886,0.725,0.5377551020408163,0.0050669999909587204,0.08272357723577228
A2,Árvore de Decisão,"criterion=entropy, max_depth=2, min_samples_leaf=5",0.725,0.6422764227642277,0.43472906403940886,0.725,0.5377551020408163,0.004023299959953874,0.08272357723577228
A2,Árvore de Decisão,"criterion=entropy, max_depth=2, min_samples_leaf=10",0.725,0.6422764227642277,0.43472906403940886,0.725,0.5377551020408163,0.003827399981673807,0.08272357723577228
A2,Árvore de Decisão,"criterion=entropy, max_depth=3, min_samples_leaf=1",0.8104166666666667,0.7479674796747967,0.6823961764999501,0.80625,0.7050969684683543,0.004522799979895353,0.062449186991869965
A2,Árvore de Decisão,"criterion=entropy, max_depth=3, min_samples_leaf=2",0.8104166666666667,0.7479674796747967,0.6823961764999501,0.80625,0.7050969684683543,0.006106300046667457,0.062449186991869965
A2,Árvore de Decisão,"criterion=entropy, max_depth=3, min_samples_leaf=5",0.8104166666666667,0.7479674796747967,0.6823961764999501,0.80625,0.7050969684683543,0.003962000017054379,0.062449186991869965
A2,Árvore de Decisão,"criterion=entropy, max_depth=3, min_samples_leaf=10",0.8104166666666667,0.7479674796747967,0.6823961764999501,0.80625,0.7050969684683543,0.003833299968391657,0.062449186991869965
A2,Árvore de Decisão,"criterion=entropy, max_depth=4, min_samples_leaf=1",0.875,0.7967479674796748,0.7283623693379792,0.84375,0.7451566951566951,0.0038893999881111085,0.0782520325203252
A2,Árvore de Decisão,"criterion=entropy, max_depth=4, min_samples_leaf=2",0.875,0.7967479674796748,0.7283623693379792,0.84375,0.7451566951566951,0.0038190000341273844,0.0782520325203252
A2,Árvore de Decisão,"criterion=entropy, max_depth=4, min_samples_leaf=5",0.875,0.7967479674796748,0.7283623693379792,0.84375,0.7451566951566951,0.004103299987036735,0.0782520325203252
A2,Árvore de Decisão,"criterion=entropy, max_depth=4, min_samples_leaf=10",0.875,0.7967479674796748,0.7283623693379792,0.84375,0.7451566951566951,0.00488029996631667,0.0782520325203252
A2,Árvore de Decisão,"criterion=entropy, max_depth=5, min_samples_leaf=1",0.9,0.8292682926829268,0.7664451827242525,0.86875,0.7716293746414228,0.004517800000030547,0.07073170731707323
A2,Árvore de Decisão,"criterion=entropy, max_depth=5, min_samples_leaf=2",0.9,0.8292682926829268,0.7664451827242525,0.86875,0.7716293746414228,0.0038995000068098307,0.07073170731707323
A2,Árvore de Decisão,"criterion=entropy, max_depth=5, min_samples_leaf=5",0.89375,0.7967479674796748,0.7396825396825396,0.84375,0.7420390013929069,0.0048751000431366265,0.09700203252032524
A2,Árvore de Decisão,"criterion=entropy, max_depth=5, min_samples_leaf=10",0.875,0.7967479674796748,0.7283623693379792,0.84375,0.7451566951566951,0.0054715999867767096,0.0782520325203252
A2,Árvore de Decisão,"criterion=entropy, max_depth=6, min_samples_leaf=1",0.9041666666666667,0.8048780487804879,0.7345467032967032,0.85,0.7527146464646465,0.006074200035072863,0.09928861788617882
A2,Árvore de Decisão,"criterion=entropy, max_depth=6, min_samples_leaf=2",0.9041666666666667,0.8048780487804879,0.7345467032967032,0.85,0.7527146464646465,0.006221499992534518,0.09928861788617882
A2,Árvore de Decisão,"criterion=entropy, max_depth=6, min_samples_leaf=5",0.8979166666666667,0.7886178861788617,0.7275974025974025,0.8375,0.7358934971838198,0.004048000031616539,0.10929878048780495
A2,Árvore de Decisão,"criterion=entropy, max_depth=6, min_samples_leaf=10",0.9083333333333333,0.8373983739837398,0.7555845915602013,0.875,0.7818549642079055,0.004008499963674694,0.07093495934959348
A2,Árvore de Decisão,"criterion=entropy, max_depth=8, min_samples_leaf=1",0.9416666666666667,0.8536585365853658,0.7700154858691444,0.8875,0.7951706608569354,0.004996500036213547,0.08800813008130082
A2,Árvore de Decisão,"criterion=entropy, max_depth=8, min_samples_leaf=2",0.9375,0.8373983739837398,0.7532432844932845,0.875,0.7822702076611235,0.005711400008294731,0.10010162601626016
A2,Árvore de Decisão,"criterion=entropy, max_depth=8, min_samples_leaf=5",0.9229166666666667,0.8292682926829268,0.7540283790283789,0.86875,0.7742422342071157,0.005623400036711246,0.09364837398373993
A2,Árvore de Decisão,"criterion=entropy, max_depth=8, min_samples_leaf=10",0.9083333333333333,0.8373983739837398,0.7555845915602013,0.875,0.7818549642079055,0.004246099968440831,0.07093495934959348
A2,Árvore de Decisão,"criterion=entropy, max_depth=10, min_samples_leaf=1",0.9479166666666666,0.8455284552845529,0.7614215309779825,0.88125,0.7887272162386082,0.005479199986439198,0.10238821138211374
A2,Árvore de Decisão,"criterion=entropy, max_depth=10, min_samples_leaf=2",0.9375,0.8455284552845529,0.7595883648515227,0.88125,0.7890524597615652,0.00602859997889027,0.0919715447154471
A2,Árvore de Decisão,"criterion=entropy, max_depth=10, min_samples_leaf=5",0.925,0.8292682926829268,0.7471070148489503,0.86875,0.7754349627174814,0.004454799985978752,0.09573170731707326
A2,Árvore de Decisão,"criterion=entropy, max_depth=10, min_samples_leaf=10",0.9083333333333333,0.8373983739837398,0.7555845915602013,0.875,0.7818549642079055,0.0046663000248372555,0.07093495934959348
A2,Árvore de Decisão,"criterion=entropy, max_depth=None, min_samples_leaf=1",0.9645833333333333,0.8292682926829268,0.7464443018222088,0.8687499999999999,0.7769464845684106,0.0054923000279814005,0.13531504065040656
A2,Árvore de Decisão,"criterion=entropy, max_depth=None, min_samples_leaf=2",0.94375,0.8048780487804879,0.7257727652464494,0.8500000000000001,0.7585382311312991,0.006477300019469112,0.13887195121951212
A2,Árvore de Decisão,"criterion=entropy, max_depth=None, min_samples_leaf=5",0.925,0.8292682926829268,0.7471070148489503,0.86875,0.7754349627174814,0.005889300024136901,0.09573170731707326
A2,Árvore de Decisão,"criterion=entropy, max_depth=None, min_samples_leaf=10",0.9083333333333333,0.8373983739837398,0.7555845915602013,0.875,0.7818549642079055,0.007896499999333173,0.07093495934959348
A2,MLP,"hidden_layer_sizes=(8,), activation=relu, alpha=0.0001",0.9458333333333333,0.8211382113821138,0.7418290043290042,0.8625,0.7690766550522649,5.733020499988925,0.12469512195121946
A2,MLP,"hidden_layer_sizes=(8,), activation=relu, alpha=0.01",0.9416666666666667,0.8373983739837398,0.7561147186147186,0.875,0.7823170731707317,5.312761200009845,0.10426829268292681
A2,MLP,"hidden_layer_sizes=(8,), activation=tanh, alpha=0.0001",0.95625,0.8130081300813008,0.7245099539203685,0.85625,0.7531864369213767,6.30507810000563,0.14324186991869925
A2,MLP,"hidden_layer_sizes=(8,), activation=tanh, alpha=0.01",0.95625,0.8130081300813008,0.7245099539203685,0.85625,0.7531864369213767,13.438805899990257,0.14324186991869925
A2,MLP,"hidden_layer_sizes=(16,), activation=relu, alpha=0.0001",0.9645833333333333,0.8211382113821138,0.7402301018961186,0.8625,0.7701193663543061,14.780003399995621,0.1434451219512195
A2,MLP,"hidden_layer_sizes=(16,), activation=relu, alpha=0.01",0.9583333333333334,0.8373983739837398,0.7555845915602013,0.875,0.7818549642079055,7.12957530003041,0.12093495934959353
A2,MLP,"hidden_layer_sizes=(16,), activation=tanh, alpha=0.0001",0.9625,0.7886178861788617,0.7131696428571428,0.8375,0.7443428184281843,8.721351200016215,0.17388211382113827
A2,MLP,"hidden_layer_sizes=(16,), activation=tanh, alpha=0.01",0.9625,0.7886178861788617,0.7131696428571428,0.8375,0.7443428184281843,7.1270269000087865,0.17388211382113827
A2,MLP,"hidden_layer_sizes=(32,), activation=relu, alpha=0.0001",0.9645833333333333,0.8130081300813008,0.7326185442464511,0.85625,0.7638471694999175,6.404749699984677,0.15157520325203255
A2,MLP,"hidden_layer_sizes=(32,), activation=relu, alpha=0.01",0.9645833333333333,0.8130081300813008,0.7326185442464511,0.85625,0.7638471694999175,5.293035199982114,0.15157520325203255
A2,MLP,"hidden_layer_sizes=(32,), activation=tanh, alpha=0.0001",0.9645833333333333,0.8373983739837398,0.7565614617940198,0.875,0.7826161790017212,7.66983299999265,0.1271849593495935
A2,MLP,"hidden_layer_sizes=(32,), activation=tanh, alpha=0.01",0.9645833333333333,0.8373983739837398,0.7565614617940198,0.875,0.7826161790017212,8.530725800024811,0.1271849593495935
A2,MLP,"hidden_layer_sizes=(64,), activation=relu, alpha=0.0001",0.9645833333333333,0.8211382113821138,0.7402301018961186,0.8625,0.7701193663543061,5.478776400035713,0.1434451219512195
A2,MLP,"hidden_layer_sizes=(64,), activation=relu, alpha=0.01",0.9645833333333333,0.8211382113821138,0.7402301018961186,0.8625,0.7701193663543061,4.543911800021306,0.1434451219512195
A2,MLP,"hidden_layer_sizes=(64,), activation=tanh, alpha=0.0001",0.9645833333333333,0.7886178861788617,0.7123074229691876,0.8375,0.7450354317732367,8.453255900007207,0.1759654471544716
A2,MLP,"hidden_layer_sizes=(64,), activation=tanh, alpha=0.01",0.9645833333333333,0.7886178861788617,0.7123074229691876,0.8375,0.7450354317732367,8.23561749997316,0.1759654471544716
A2,MLP,"hidden_layer_sizes=(16, 8), activation=relu, alpha=0.0001",0.9625,0.8373983739837398,0.7541401628717282,0.875,0.7832366503049234,5.05288820003625,0.12510162601626018
A2,MLP,"hidden_layer_sizes=(16, 8), activation=relu, alpha=0.01",0.9604166666666667,0.8373983739837398,0.7541401628717282,0.875,0.7832366503049234,6.482279699994251,0.12301829268292686
A2,MLP,"hidden_layer_sizes=(16, 8), activation=tanh, alpha=0.0001",0.9625,0.8048780487804879,0.7259103641456582,0.8500000000000001,0.7580421885299934,8.638297200028319,0.15762195121951217
A2,MLP,"hidden_layer_sizes=(16, 8), activation=tanh, alpha=0.01",0.9625,0.8048780487804879,0.7259103641456582,0.8500000000000001,0.7580421885299934,6.919548399979249,0.15762195121951217
A2,MLP,"hidden_layer_sizes=(32, 16), activation=relu, alpha=0.0001",0.9645833333333333,0.8211382113821138,0.7424141749723144,0.8625,0.7694492254733218,4.082941000000574,0.1434451219512195
A2,MLP,"hidden_layer_sizes=(32, 16), activation=relu, alpha=0.01",0.9645833333333333,0.8292682926829268,0.7481959775658199,0.8687499999999999,0.7763735808917567,3.900076900026761,0.13531504065040656
A2,MLP,"hidden_layer_sizes=(32, 16), activation=tanh, alpha=0.0001",0.9625,0.8373983739837398,0.7565614617940198,0.875,0.7826161790017212,7.026793299999554,0.12510162601626018
A2,MLP,"hidden_layer_sizes=(32, 16), activation=tanh, alpha=0.01",0.9625,0.8373983739837398,0.7565614617940198,0.875,0.7826161790017212,8.708340499957558,0.12510162601626018
A2,MLP,"hidden_layer_sizes=(64, 32), activation=relu, alpha=0.0001",0.9645833333333333,0.8211382113821138,0.7390836477703783,0.8625,0.7706364974094119,3.5238271999987774,0.1434451219512195
A2,MLP,"hidden_layer_sizes=(64, 32), activation=relu, alpha=0.01",0.9645833333333333,0.8292682926829268,0.7464443018222088,0.8687499999999999,0.7769464845684106,4.026933399960399,0.13531504065040656
A2,MLP,"hidden_layer_sizes=(64, 32), activation=tanh, alpha=0.0001",0.9645833333333333,0.8048780487804879,0.728266888150609,0.85,0.7562822719449226,6.637084499991033,0.1597052845528455
A2,MLP,"hidden_layer_sizes=(64, 32), activation=tanh, alpha=0.01",0.9645833333333333,0.8048780487804879,0.728266888150609,0.85,0.7562822719449226,6.256613600009587,0.1597052845528455
A2,Random Forest,"n_estimators=10, max_depth=3, max_features=sqrt",0.84375,0.7642276422764228,0.6950233032550105,0.81875,0.727724932349627,0.060820700018666685,0.07952235772357719
A2,Random Forest,"n_estimators=10, max_depth=3, max_features=None",0.8104166666666667,0.7479674796747967,0.6823961764999501,0.80625,0.7050969684683543,0.05892019998282194,0.062449186991869965
A2,Random Forest,"n_estimators=10, max_depth=5, max_features=sqrt",0.8875,0.8211382113821138,0.7378968253968253,0.8625,0.7694169246646027,0.05526870000176132,0.06636178861788611
A2,Random Forest,"n_estimators=10, max_depth=5, max_features=None",0.9229166666666667,0.8373983739837398,0.7641941391941391,0.875,0.7800813008130082,0.05822870001429692,0.08551829268292688
A2,Random Forest,"n_estimators=10, max_depth=8, max_features=sqrt",0.9479166666666666,0.8292682926829268,0.7505461158729001,0.86875,0.7753679313527402,0.058814499992877245,0.11864837398373984
A2,Random Forest,"n_estimators=10, max_depth=8, max_features=None",0.94375,0.8536585365853658,0.7700154858691444,0.8875,0.7951706608569354,0.06254630000330508,0.09009146341463414
A2,Random Forest,"n_estimators=10, max_depth=None, max_features=sqrt",0.9625,0.8130081300813008,0.7339488796019087,0.85625,0.7629927714434757,0.08771599997999147,0.14949186991869923
A2,Random Forest,"n_estimators=10, max_depth=None, max_features=None",0.95625,0.8373983739837398,0.7537337662337662,0.875,0.7828373015873017,0.07897670002421364,0.1188516260162602
A2,Random Forest,"n_estimators=50, max_depth=3, max_features=sqrt",0.875,0.7967479674796748,0.7220684099411089,0.84375,0.7473500933198051,0.2968342999811284,0.0782520325203252
A2,Random Forest,"n_estimators=50, max_depth=3, max_features=None",0.8104166666666667,0.7479674796747967,0.6823961764999501,0.80625,0.7050969684683543,0.2930691000074148,0.062449186991869965
A2,Random Forest,"n_estimators=50, max_depth=5, max_features=sqrt",0.9104166666666667,0.8455284552845529,0.7645046524356869,0.88125,0.788263364730834,0.2900524999713525,0.06488821138211376
A2,Random Forest,"n_estimators=50, max_depth=5, max_features=None",0.9041666666666667,0.8211382113821138,0.7550595238095238,0.8625,0.7653243563685637,0.34919110004557297,0.08302845528455283
A2,Random Forest,"n_estimators=50, max_depth=8, max_features=sqrt",0.94375,0.8455284552845529,0.7689694564694564,0.88125,0.7876573017266609,0.28360150003572926,0.09822154471544708
A2,Random Forest,"n_estimators=50, max_depth=8, max_features=None",0.9458333333333333,0.8617886178861789,0.7790777230432403,0.89375,0.801607302518038,0.3317408000002615,0.08404471544715442
A2,Random Forest,"n_estimators=50, max_depth=None, max_features=sqrt",0.9645833333333333,0.8373983739837398,0.7565614617940198,0.875,0.7826161790017212,0.3213077000109479,0.1271849593495935
A2,Random Forest,"n_estimators=50, max_depth=None, max_features=None",0.9645833333333333,0.8373983739837398,0.7541401628717282,0.875,0.7832366503049234,0.35626019997289404,0.1271849593495935
A2,Random Forest,"n_estimators=100, max_depth=3, max_features=sqrt",0.8791666666666667,0.7967479674796748,0.7220684099411089,0.84375,0.7473500933198051,0.5598479000036605,0.08241869918699185
A2,Random Forest,"n_estimators=100, max_depth=3, max_features=None",0.8104166666666667,0.7479674796747967,0.6823961764999501,0.80625,0.7050969684683543,0.6416360000148416,0.062449186991869965
A2,Random Forest,"n_estimators=100, max_depth=5, max_features=sqrt",0.9125,0.8536585365853658,0.7739248800295312,0.8875,0.7946669029057406,0.676772200036794,0.05884146341463414
A2,Random Forest,"n_estimators=100, max_depth=5, max_features=None",0.9041666666666667,0.8211382113821138,0.7550595238095238,0.8625,0.7653243563685637,0.6386137999943458,0.08302845528455283
A2,Random Forest,"n_estimators=100, max_depth=8, max_features=sqrt",0.9458333333333333,0.8373983739837398,0.7591823551125876,0.875,0.7812898653437278,0.595922700013034,0.10843495934959346
A2,Random Forest,"n_estimators=100, max_depth=8, max_features=None",0.94375,0.8617886178861789,0.7790777230432403,0.89375,0.801607302518038,0.7183271999820136,0.08196138211382109
A2,Random Forest,"n_estimators=100, max_depth=None, max_features=sqrt",0.9645833333333333,0.8373983739837398,0.7565614617940198,0.875,0.7826161790017212,0.5847058999934234,0.1271849593495935
A2,Random Forest,"n_estimators=100, max_depth=None, max_features=None",0.9645833333333333,0.8455284552845529,0.7622128746472332,0.88125,0.7895133953884932,0.6291807999950834,0.11905487804878045
A2,Random Forest,"n_estimators=200, max_depth=3, max_features=sqrt",0.8666666666666667,0.7886178861788617,0.713927192498621,0.8375,0.7409528673573618,1.0759982999879867,0.07804878048780495
A2,Random Forest,"n_estimators=200, max_depth=3, max_features=None",0.8104166666666667,0.7479674796747967,0.6823961764999501,0.80625,0.7050969684683543,1.1717417999752797,0.062449186991869965
A2,Random Forest,"n_estimators=200, max_depth=5, max_features=sqrt",0.9145833333333333,0.8455284552845529,0.7689694564694564,0.88125,0.7876573017266609,1.0994227000046521,0.06905487804878041
A2,Random Forest,"n_estimators=200, max_depth=5, max_features=None",0.9020833333333333,0.8211382113821138,0.7550595238095238,0.8625,0.7653243563685637,1.1800017000059597,0.0809451219512195
A2,Random Forest,"n_estimators=200, max_depth=8, max_features=sqrt",0.9458333333333333,0.8455284552845529,0.7689694564694564,0.88125,0.7876573017266609,1.1247520999750122,0.10030487804878041
A2,Random Forest,"n_estimators=200, max_depth=8, max_features=None",0.9458333333333333,0.8617886178861789,0.7790777230432403,0.89375,0.801607302518038,1.23697029997129,0.08404471544715442
A2,Random Forest,"n_estimators=200, max_depth=None, max_features=sqrt",0.9645833333333333,0.8373983739837398,0.7565614617940198,0.875,0.7826161790017212,1.0938862999901175,0.1271849593495935
A2,Random Forest,"n_estimators=200, max_depth=None, max_features=None",0.9645833333333333,0.8373983739837398,0.7541401628717282,0.875,0.7832366503049234,1.2983473999775015,0.1271849593495935
A2,SVM,"kernel=linear, C=0.1",0.9125,0.8455284552845529,0.7614215309779825,0.88125,0.7887272162386082,0.02101670001866296,0.06697154471544708
A2,SVM,"kernel=linear, C=1",0.9125,0.8455284552845529,0.7614215309779825,0.88125,0.7887272162386082,0.018731400021351874,0.06697154471544708
A2,SVM,"kernel=linear, C=10",0.9125,0.8455284552845529,0.7614215309779825,0.88125,0.7887272162386082,0.025444599974434823,0.06697154471544708
A2,SVM,"kernel=linear, C=100",0.9125,0.8455284552845529,0.7614215309779825,0.88125,0.7887272162386082,0.0718697999836877,0.06697154471544708
A2,SVM,"kernel=rbf, C=0.1, gamma=scale",0.88125,0.7642276422764228,0.6995785791955422,0.81875,0.7290778577876337,0.03357940004207194,0.11702235772357716
A2,SVM,"kernel=rbf, C=0.1, gamma=0.01",0.88125,0.7967479674796748,0.7195887445887446,0.84375,0.7486882523868825,0.0461607999750413,0.08450203252032518
A2,SVM,"kernel=rbf, C=0.1, gamma=0.1",0.8291666666666667,0.6910569105691057,0.6824633699633699,0.7625,0.6749567099567101,0.07105119997868314,0.13810975609756104
A2,SVM,"kernel=rbf, C=0.1, gamma=1",0.6354166666666666,0.3821138211382114,0.3826058201058201,0.5249999999999999,0.34087837837837837,0.04400320001877844,0.2533028455284552
A2,SVM,"kernel=rbf, C=1, gamma=scale",0.9416666666666667,0.8130081300813008,0.7390873015873015,0.85625,0.7608271666875706,0.0278439000248909,0.12865853658536586
A2,SVM,"kernel=rbf, C=1, gamma=0.01",0.9020833333333333,0.8292682926829268,0.765560988502709,0.86875,0.7717270655923423,0.028855000040493906,0.07281504065040656
A2,SVM,"kernel=rbf, C=1, gamma=0.1",0.9458333333333333,0.8048780487804879,0.7305194805194805,0.85,0.7550420168067228,0.03969710000092164,0.14095528455284545
A2,SVM,"kernel=rbf, C=1, gamma=1",0.9645833333333333,0.5609756097560976,0.6383394383394383,0.6625,0.5653321644262614,0.040235100022982806,0.40360772357723573
A2,SVM,"kernel=rbf, C=10, gamma=scale",0.9625,0.7967479674796748,0.7201621834029935,0.84375,0.7500939518982837,0.029399099992588162,0.16575203252032522
A2,SVM,"kernel=rbf, C=10, gamma=0.01",0.9270833333333334,0.8373983739837398,0.7555845915602013,0.875,0.7818549642079055,0.03162909997627139,0.08968495934959353
A2,SVM,"kernel=rbf, C=10, gamma=0.1",0.9645833333333333,0.7886178861788617,0.7124099799448991,0.8374999999999999,0.7438847984530715,0.033467300003394485,0.1759654471544716
A2,SVM,"kernel=rbf, C=10, gamma=1",0.9645833333333333,0.5609756097560976,0.6383394383394383,0.6625,0.5653321644262614,0.03982410003663972,0.40360772357723573
A2,SVM,"kernel=rbf, C=100, gamma=scale",0.9645833333333333,0.7967479674796748,0.7201621834029935,0.84375,0.7500939518982837,0.027946599991992116,0.16783536585365855
A2,SVM,"kernel=rbf, C=100, gamma=0.01",0.9458333333333333,0.8292682926829268,0.7478014592933947,0.86875,0.7758026097763049,0.034465699980501086,0.11656504065040652
A2,SVM,"kernel=rbf, C=100, gamma=0.1",0.9645833333333333,0.7886178861788617,0.7124099799448991,0.8374999999999999,0.7438847984530715,0.03299510001670569,0.1759654471544716
A2,SVM,"kernel=rbf, C=100, gamma=1",0.9645833333333333,0.5609756097560976,0.6383394383394383,0.6625,0.5653321644262614,0.035893899970687926,0.40360772357723573
A2,SVM,"kernel=poly, C=0.1, degree=2, gamma=scale",0.6625,0.5040650406504065,0.564751221001221,0.61875,0.46621535498307576,0.033062700007576495,0.1584349593495935
A2,SVM,"kernel=poly, C=0.1, degree=3, gamma=scale",0.8041666666666667,0.6016260162601627,0.6417748917748917,0.69375,0.5826699617824547,0.031523299985565245,0.20254065040650404
A2,SVM,"kernel=poly, C=1, degree=2, gamma=scale",0.8875,0.6991869918699187,0.6608859890109889,0.76875,0.6763765705838877,0.03410599997732788,0.18831300813008123
A2,SVM,"kernel=poly, C=1, degree=3, gamma=scale",0.9395833333333333,0.7967479674796748,0.7279882677708763,0.84375,0.7459749552772809,0.02540220000082627,0.14283536585365852
A2,SVM,"kernel=poly, C=10, degree=2, gamma=scale",0.95625,0.7723577235772358,0.6990021008403361,0.825,0.7321811140408702,0.0514608999947086,0.1838922764227643
A2,SVM,"kernel=poly, C=10, degree=3, gamma=scale",0.9625,0.7723577235772358,0.7007290513104466,0.825,0.7280652019844083,0.026615099981427193,0.19014227642276427
A2,SVM,"kernel=poly, C=100, degree=2, gamma=scale",0.9645833333333333,0.7642276422764228,0.6928789198606271,0.81875,0.7264660493827161,0.2632380000432022,0.20035569105691053
A2,SVM,"kernel=poly, C=100, degree=3, gamma=scale",0.9645833333333333,0.7560975609756098,0.6876247206529245,0.8125,0.7126770404502022,0.026274299947544932,0.2084857723577236
A2P,kNN,"n_neighbors=1, weights=uniform, metric=euclidean",1.0,0.8699186991869918,0.9062563323201621,0.9,0.8947261663286004,0.006830400030594319,0.13008130081300817
A2P,kNN,"n_neighbors=1, weights=uniform, metric=manhattan",1.0,0.8943089430894309,0.9221285434995112,0.91875,0.9157799739614156,0.0058317999937571585,0.10569105691056913
A2P,kNN,"n_neighbors=1, weights=distance, metric=euclidean",1.0,0.8699186991869918,0.9062563323201621,0.9,0.8947261663286004,0.0055543999769724905,0.13008130081300817
A2P,kNN,"n_neighbors=1, weights=distance, metric=manhattan",1.0,0.8943089430894309,0.9221285434995112,0.91875,0.9157799739614156,0.007515400007832795,0.10569105691056913
A2P,kNN,"n_neighbors=3, weights=uniform, metric=euclidean",0.975,0.926829268292683,0.9464411557434813,0.94375,0.9422130793231634,0.0070164999924600124,0.048170731707317005
A2P,kNN,"n_neighbors=3, weights=uniform, metric=manhattan",0.9770833333333333,0.943089430894309,0.959830866807611,0.95625,0.9550864907771988,0.006501500029116869,0.03399390243902434
A2P,kNN,"n_neighbors=3, weights=distance, metric=euclidean",1.0,0.926829268292683,0.9464411557434813,0.94375,0.9422130793231634,0.005147899966686964,0.07317073170731703
A2P,kNN,"n_neighbors=3, weights=distance, metric=manhattan",1.0,0.926829268292683,0.9465732910500352,0.94375,0.9422847947563247,0.006758800009265542,0.07317073170731703
A2P,kNN,"n_neighbors=5, weights=uniform, metric=euclidean",0.9791666666666666,0.959349593495935,0.9706533776301218,0.96875,0.9681996277794103,0.007410599966533482,0.01981707317073167
A2P,kNN,"n_neighbors=5, weights=uniform, metric=manhattan",0.9791666666666666,0.959349593495935,0.9706533776301218,0.96875,0.9681996277794103,0.0068314000382088125,0.01981707317073167
A2P,kNN,"n_neighbors=5, weights=distance, metric=euclidean",1.0,0.9512195121951219,0.9651162790697674,0.9625,0.9616574405731032,0.007020800025202334,0.04878048780487809
A2P,kNN,"n_neighbors=5, weights=distance, metric=manhattan",1.0,0.9512195121951219,0.9651162790697674,0.9625,0.9616574405731032,0.007379500020761043,0.04878048780487809
A2P,kNN,"n_neighbors=7, weights=uniform, metric=euclidean",0.9854166666666667,0.959349593495935,0.9706533776301218,0.96875,0.9681996277794103,0.007291399990208447,0.026067073170731758
A2P,kNN,"n_neighbors=7, weights=uniform, metric=manhattan",0.9833333333333333,0.943089430894309,0.959830866807611,0.95625,0.9550864907771988,0.005568500026129186,0.040243902439024315
A2P,kNN,"n_neighbors=7, weights=distance, metric=euclidean",1.0,0.959349593495935,0.9706533776301218,0.96875,0.9681996277794103,0.008152599970344454,0.04065040650406504
A2P,kNN,"n_neighbors=7, weights=distance, metric=manhattan",1.0,0.943089430894309,0.959830866807611,0.95625,0.9550864907771988,0.006957699952181429,0.05691056910569103
A2P,kNN,"n_neighbors=9, weights=uniform, metric=euclidean",0.9833333333333333,0.967479674796748,0.9764605785592739,0.975,0.9747195409317582,0.005903500015847385,0.01585365853658527
A2P,kNN,"n_neighbors=9, weights=uniform, metric=manhattan",0.9791666666666666,0.9349593495934959,0.9545454545454546,0.95,0.9484126984126984,0.005941400013398379,0.044207317073170715
A2P,kNN,"n_neighbors=9, weights=distance, metric=euclidean",1.0,0.967479674796748,0.9764605785592739,0.975,0.9747195409317582,0.007274300034623593,0.03252032520325199
A2P,kNN,"n_neighbors=9, weights=distance, metric=manhattan",1.0,0.9349593495934959,0.9547803617571059,0.95,0.9484801952909678,0.005914999986998737,0.06504065040650409
A2P,kNN,"n_neighbors=11, weights=uniform, metric=euclidean",0.9833333333333333,0.943089430894309,0.959830866807611,0.95625,0.9550864907771988,0.0054299000184983015,0.040243902439024315
A2P,kNN,"n_neighbors=11, weights=uniform, metric=manhattan",0.9708333333333333,0.9186991869918699,0.9444444444444444,0.9375,0.9348739495798319,0.008470800006762147,0.052134146341463405
A2P,kNN,"n_neighbors=11, weights=distance, metric=euclidean",1.0,0.9349593495934959,0.9547803617571059,0.95,0.9484801952909678,0.006866500014439225,0.06504065040650409
A2P,kNN,"n_neighbors=11, weights=distance, metric=manhattan",1.0,0.9105691056910569,0.9396135265700483,0.93125,0.9279971847181745,0.0068017999874427915,0.08943089430894313
A2P,kNN,"n_neighbors=15, weights=uniform, metric=euclidean",0.9770833333333333,0.9186991869918699,0.8874494438827097,0.9375,0.902093423527999,0.00643159996252507,0.05838414634146338
A2P,kNN,"n_neighbors=15, weights=uniform, metric=manhattan",0.9625,0.9105691056910569,0.8821640316205533,0.93125,0.8950840194520681,0.00630569999339059,0.051930894308943154
A2P,kNN,"n_neighbors=15, weights=distance, metric=euclidean",1.0,0.9186991869918699,0.8874494438827097,0.9375,0.902093423527999,0.005438499967567623,0.08130081300813008
A2P,kNN,"n_neighbors=15, weights=distance, metric=manhattan",1.0,0.9105691056910569,0.9396135265700483,0.93125,0.9279971847181745,0.008405799977481365,0.08943089430894313
A2P,kNN,"n_neighbors=21, weights=uniform, metric=euclidean",0.9666666666666667,0.8943089430894309,0.8421768707482994,0.91875,0.8576140774614186,0.007449799973983318,0.0723577235772358
A2P,kNN,"n_neighbors=21, weights=uniform, metric=manhattan",0.9583333333333334,0.9024390243902439,0.8775386847195358,0.925,0.8881483627933932,0.005588200001511723,0.055894308943089444
A2P,kNN,"n_neighbors=21, weights=distance, metric=euclidean",1.0,0.8943089430894309,0.8421768707482994,0.91875,0.8576140774614186,0.007031399989500642,0.10569105691056913
A2P,kNN,"n_neighbors=21, weights=distance, metric=manhattan",1.0,0.9024390243902439,0.8775386847195358,0.925,0.8881483627933932,0.007989799953065813,0.09756097560975607
A2P,Árvore de Decisão,"criterion=gini, max_depth=2, min_samples_leaf=1",0.75,0.975609756097561,0.7325581395348837,0.75,0.7409638554216867,0.004474900022614747,-0.22560975609756095
A2P,Árvore de Decisão,"criterion=gini, max_depth=2, min_samples_leaf=2",0.75,0.975609756097561,0.7325581395348837,0.75,0.7409638554216867,0.004690499976277351,-0.22560975609756095
A2P,Árvore de Decisão,"criterion=gini, max_depth=2, min_samples_leaf=5",0.75,0.975609756097561,0.7325581395348837,0.75,0.7409638554216867,0.0038189999759197235,-0.22560975609756095
A2P,Árvore de Decisão,"criterion=gini, max_depth=2, min_samples_leaf=10",0.75,0.975609756097561,0.7325581395348837,0.75,0.7409638554216867,0.003850799985229969,-0.22560975609756095
A2P,Árvore de Decisão,"criterion=gini, max_depth=3, min_samples_leaf=1",1.0,1.0,1.0,1.0,1.0,0.004079499980434775,0.0
A2P,Árvore de Decisão,"criterion=gini, max_depth=3, min_samples_leaf=2",1.0,1.0,1.0,1.0,1.0,0.007808599970303476,0.0
A2P,Árvore de Decisão,"criterion=gini, max_depth=3, min_samples_leaf=5",1.0,1.0,1.0,1.0,1.0,0.0036835999926552176,0.0
A2P,Árvore de Decisão,"criterion=gini, max_depth=3, min_samples_leaf=10",1.0,1.0,1.0,1.0,1.0,0.003686700016260147,0.0
A2P,Árvore de Decisão,"criterion=gini, max_depth=4, min_samples_leaf=1",1.0,1.0,1.0,1.0,1.0,0.0037867000210098922,0.0
A2P,Árvore de Decisão,"criterion=gini, max_depth=4, min_samples_leaf=2",1.0,1.0,1.0,1.0,1.0,0.003671600017696619,0.0
A2P,Árvore de Decisão,"criterion=gini, max_depth=4, min_samples_leaf=5",1.0,1.0,1.0,1.0,1.0,0.0055466999765485525,0.0
A2P,Árvore de Decisão,"criterion=gini, max_depth=4, min_samples_leaf=10",1.0,1.0,1.0,1.0,1.0,0.005374500004108995,0.0
A2P,Árvore de Decisão,"criterion=gini, max_depth=5, min_samples_leaf=1",1.0,1.0,1.0,1.0,1.0,0.005498000013176352,0.0
A2P,Árvore de Decisão,"criterion=gini, max_depth=5, min_samples_leaf=2",1.0,1.0,1.0,1.0,1.0,0.004744999983813614,0.0
A2P,Árvore de Decisão,"criterion=gini, max_depth=5, min_samples_leaf=5",1.0,1.0,1.0,1.0,1.0,0.0053190000471659005,0.0
A2P,Árvore de Decisão,"criterion=gini, max_depth=5, min_samples_leaf=10",1.0,1.0,1.0,1.0,1.0,0.003771300020162016,0.0
A2P,Árvore de Decisão,"criterion=gini, max_depth=6, min_samples_leaf=1",1.0,1.0,1.0,1.0,1.0,0.004932900017593056,0.0
A2P,Árvore de Decisão,"criterion=gini, max_depth=6, min_samples_leaf=2",1.0,1.0,1.0,1.0,1.0,0.005169700016267598,0.0
A2P,Árvore de Decisão,"criterion=gini, max_depth=6, min_samples_leaf=5",1.0,1.0,1.0,1.0,1.0,0.00378249998902902,0.0
A2P,Árvore de Decisão,"criterion=gini, max_depth=6, min_samples_leaf=10",1.0,1.0,1.0,1.0,1.0,0.0036491999635472894,0.0
A2P,Árvore de Decisão,"criterion=gini, max_depth=8, min_samples_leaf=1",1.0,1.0,1.0,1.0,1.0,0.0035692000528797507,0.0
A2P,Árvore de Decisão,"criterion=gini, max_depth=8, min_samples_leaf=2",1.0,1.0,1.0,1.0,1.0,0.004001300025265664,0.0
A2P,Árvore de Decisão,"criterion=gini, max_depth=8, min_samples_leaf=5",1.0,1.0,1.0,1.0,1.0,0.005766000016592443,0.0
A2P,Árvore de Decisão,"criterion=gini, max_depth=8, min_samples_leaf=10",1.0,1.0,1.0,1.0,1.0,0.004726399958599359,0.0
A2P,Árvore de Decisão,"criterion=gini, max_depth=10, min_samples_leaf=1",1.0,1.0,1.0,1.0,1.0,0.004335700010415167,0.0
A2P,Árvore de Decisão,"criterion=gini, max_depth=10, min_samples_leaf=2",1.0,1.0,1.0,1.0,1.0,0.005149600037839264,0.0
A2P,Árvore de Decisão,"criterion=gini, max_depth=10, min_samples_leaf=5",1.0,1.0,1.0,1.0,1.0,0.004316700040362775,0.0
A2P,Árvore de Decisão,"criterion=gini, max_depth=10, min_samples_leaf=10",1.0,1.0,1.0,1.0,1.0,0.0044531000312417746,0.0
A2P,Árvore de Decisão,"criterion=gini, max_depth=None, min_samples_leaf=1",1.0,1.0,1.0,1.0,1.0,0.004859000036958605,0.0
A2P,Árvore de Decisão,"criterion=gini, max_depth=None, min_samples_leaf=2",1.0,1.0,1.0,1.0,1.0,0.004391299968119711,0.0
A2P,Árvore de Decisão,"criterion=gini, max_depth=None, min_samples_leaf=5",1.0,1.0,1.0,1.0,1.0,0.0038572000339627266,0.0
A2P,Árvore de Decisão,"criterion=gini, max_depth=None, min_samples_leaf=10",1.0,1.0,1.0,1.0,1.0,0.00362099998164922,0.0
A2P,Árvore de Decisão,"criterion=entropy, max_depth=2, min_samples_leaf=1",0.75,0.975609756097561,0.7325581395348837,0.75,0.7409638554216867,0.003438300045672804,-0.22560975609756095
A2P,Árvore de Decisão,"criterion=entropy, max_depth=2, min_samples_leaf=2",0.75,0.975609756097561,0.7325581395348837,0.75,0.7409638554216867,0.0036979999858886003,-0.22560975609756095
A2P,Árvore de Decisão,"criterion=entropy, max_depth=2, min_samples_leaf=5",0.75,0.975609756097561,0.7325581395348837,0.75,0.7409638554216867,0.003942999988794327,-0.22560975609756095
A2P,Árvore de Decisão,"criterion=entropy, max_depth=2, min_samples_leaf=10",0.75,0.975609756097561,0.7325581395348837,0.75,0.7409638554216867,0.004324899986386299,-0.22560975609756095
A2P,Árvore de Decisão,"criterion=entropy, max_depth=3, min_samples_leaf=1",1.0,1.0,1.0,1.0,1.0,0.006285300012677908,0.0
A2P,Árvore de Decisão,"criterion=entropy, max_depth=3, min_samples_leaf=2",1.0,1.0,1.0,1.0,1.0,0.004792199993971735,0.0
A2P,Árvore de Decisão,"criterion=entropy, max_depth=3, min_samples_leaf=5",1.0,1.0,1.0,1.0,1.0,0.005632599990349263,0.0
A2P,Árvore de Decisão,"criterion=entropy, max_depth=3, min_samples_leaf=10",1.0,1.0,1.0,1.0,1.0,0.004064399981871247,0.0
A2P,Árvore de Decisão,"criterion=entropy, max_depth=4, min_samples_leaf=1",1.0,1.0,1.0,1.0,1.0,0.0037523999926634133,0.0
A2P,Árvore de Decisão,"criterion=entropy, max_depth=4, min_samples_leaf=2",1.0,1.0,1.0,1.0,1.0,0.007787000038661063,0.0
A2P,Árvore de Decisão,"criterion=entropy, max_depth=4, min_samples_leaf=5",1.0,1.0,1.0,1.0,1.0,0.0037164000095799565,0.0
A2P,Árvore de Decisão,"criterion=entropy, max_depth=4, min_samples_leaf=10",1.0,1.0,1.0,1.0,1.0,0.0036663999781012535,0.0
A2P,Árvore de Decisão,"criterion=entropy, max_depth=5, min_samples_leaf=1",1.0,1.0,1.0,1.0,1.0,0.0036154999979771674,0.0
A2P,Árvore de Decisão,"criterion=entropy, max_depth=5, min_samples_leaf=2",1.0,1.0,1.0,1.0,1.0,0.004908900009468198,0.0
A2P,Árvore de Decisão,"criterion=entropy, max_depth=5, min_samples_leaf=5",1.0,1.0,1.0,1.0,1.0,0.006120200036093593,0.0
A2P,Árvore de Decisão,"criterion=entropy, max_depth=5, min_samples_leaf=10",1.0,1.0,1.0,1.0,1.0,0.003858799987938255,0.0
A2P,Árvore de Decisão,"criterion=entropy, max_depth=6, min_samples_leaf=1",1.0,1.0,1.0,1.0,1.0,0.0040259999805130064,0.0
A2P,Árvore de Decisão,"criterion=entropy, max_depth=6, min_samples_leaf=2",1.0,1.0,1.0,1.0,1.0,0.00415300001623109,0.0
A2P,Árvore de Decisão,"criterion=entropy, max_depth=6, min_samples_leaf=5",1.0,1.0,1.0,1.0,1.0,0.0037040000315755606,0.0
A2P,Árvore de Decisão,"criterion=entropy, max_depth=6, min_samples_leaf=10",1.0,1.0,1.0,1.0,1.0,0.003625999961514026,0.0
A2P,Árvore de Decisão,"criterion=entropy, max_depth=8, min_samples_leaf=1",1.0,1.0,1.0,1.0,1.0,0.0036570000229403377,0.0
A2P,Árvore de Decisão,"criterion=entropy, max_depth=8, min_samples_leaf=2",1.0,1.0,1.0,1.0,1.0,0.005550300003960729,0.0
A2P,Árvore de Decisão,"criterion=entropy, max_depth=8, min_samples_leaf=5",1.0,1.0,1.0,1.0,1.0,0.005764500005170703,0.0
A2P,Árvore de Decisão,"criterion=entropy, max_depth=8, min_samples_leaf=10",1.0,1.0,1.0,1.0,1.0,0.004284099966753274,0.0
A2P,Árvore de Decisão,"criterion=entropy, max_depth=10, min_samples_leaf=1",1.0,1.0,1.0,1.0,1.0,0.004265900002792478,0.0
A2P,Árvore de Decisão,"criterion=entropy, max_depth=10, min_samples_leaf=2",1.0,1.0,1.0,1.0,1.0,0.0035445999819785357,0.0
A2P,Árvore de Decisão,"criterion=entropy, max_depth=10, min_samples_leaf=5",1.0,1.0,1.0,1.0,1.0,0.0040710000321269035,0.0
A2P,Árvore de Decisão,"criterion=entropy, max_depth=10, min_samples_leaf=10",1.0,1.0,1.0,1.0,1.0,0.004010399978142232,0.0
A2P,Árvore de Decisão,"criterion=entropy, max_depth=None, min_samples_leaf=1",1.0,1.0,1.0,1.0,1.0,0.0047364000347442925,0.0
A2P,Árvore de Decisão,"criterion=entropy, max_depth=None, min_samples_leaf=2",1.0,1.0,1.0,1.0,1.0,0.005402499984484166,0.0
A2P,Árvore de Decisão,"criterion=entropy, max_depth=None, min_samples_leaf=5",1.0,1.0,1.0,1.0,1.0,0.0037325999583117664,0.0
A2P,Árvore de Decisão,"criterion=entropy, max_depth=None, min_samples_leaf=10",1.0,1.0,1.0,1.0,1.0,0.0038595999940298498,0.0
A2P,MLP,"hidden_layer_sizes=(8,), activation=relu, alpha=0.0001",0.9979166666666667,0.983739837398374,0.9,0.9875,0.9310897435897436,2.5850859999773093,0.014176829268292668
A2P,MLP,"hidden_layer_sizes=(8,), activation=relu, alpha=0.01",0.9979166666666667,0.983739837398374,0.9,0.9875,0.9310897435897436,2.390592799987644,0.014176829268292668
A2P,MLP,"hidden_layer_sizes=(8,), activation=tanh, alpha=0.0001",1.0,0.991869918699187,0.9375,0.99375,0.961121157323689,2.8595422000507824,0.008130081300813052
A2P,MLP,"hidden_layer_sizes=(8,), activation=tanh, alpha=0.01",1.0,0.991869918699187,0.9375,0.99375,0.961121157323689,2.658302999974694,0.008130081300813052
A2P,MLP,"hidden_layer_sizes=(16,), activation=relu, alpha=0.0001",0.9979166666666667,0.991869918699187,0.9939024390243902,0.99375,0.9937490232848882,1.873628200031817,0.006046747967479726
A2P,MLP,"hidden_layer_sizes=(16,), activation=relu, alpha=0.01",0.9979166666666667,0.991869918699187,0.9939024390243902,0.99375,0.9937490232848882,1.951657099998556,0.006046747967479726
A2P,MLP,"hidden_layer_sizes=(16,), activation=tanh, alpha=0.0001",1.0,0.991869918699187,0.9375,0.99375,0.961121157323689,2.2166411000071093,0.008130081300813052
A2P,MLP,"hidden_layer_sizes=(16,), activation=tanh, alpha=0.01",1.0,1.0,1.0,1.0,1.0,2.1037856999901123,0.0
A2P,MLP,"hidden_layer_sizes=(32,), activation=relu, alpha=0.0001",1.0,0.991869918699187,0.9375,0.99375,0.961121157323689,1.8074385999934748,0.008130081300813052
A2P,MLP,"hidden_layer_sizes=(32,), activation=relu, alpha=0.01",1.0,0.991869918699187,0.9375,0.99375,0.961121157323689,1.6703950999653898,0.008130081300813052
A2P,MLP,"hidden_layer_sizes=(32,), activation=tanh, alpha=0.0001",1.0,1.0,1.0,1.0,1.0,1.901190200005658,0.0
A2P,MLP,"hidden_layer_sizes=(32,), activation=tanh, alpha=0.01",1.0,1.0,1.0,1.0,1.0,1.875805700023193,0.0
A2P,MLP,"hidden_layer_sizes=(64,), activation=relu, alpha=0.0001",1.0,1.0,1.0,1.0,1.0,1.5548496999545023,0.0
A2P,MLP,"hidden_layer_sizes=(64,), activation=relu, alpha=0.01",1.0,1.0,1.0,1.0,1.0,1.607960199995432,0.0
A2P,MLP,"hidden_layer_sizes=(64,), activation=tanh, alpha=0.0001",1.0,1.0,1.0,1.0,1.0,2.042129000008572,0.0
A2P,MLP,"hidden_layer_sizes=(64,), activation=tanh, alpha=0.01",1.0,1.0,1.0,1.0,1.0,2.107309199986048,0.0
A2P,MLP,"hidden_layer_sizes=(16, 8), activation=relu, alpha=0.0001",1.0,1.0,1.0,1.0,1.0,1.4615298000280745,0.0
A2P,MLP,"hidden_layer_sizes=(16, 8), activation=relu, alpha=0.01",1.0,1.0,1.0,1.0,1.0,1.529267100035213,0.0
A2P,MLP,"hidden_layer_sizes=(16, 8), activation=tanh, alpha=0.0001",1.0,1.0,1.0,1.0,1.0,2.385920900036581,0.0
A2P,MLP,"hidden_layer_sizes=(16, 8), activation=tanh, alpha=0.01",1.0,1.0,1.0,1.0,1.0,2.290519399975892,0.0
A2P,MLP,"hidden_layer_sizes=(32, 16), activation=relu, alpha=0.0001",1.0,0.991869918699187,0.9375,0.99375,0.961121157323689,1.5845255000167526,0.008130081300813052
A2P,MLP,"hidden_layer_sizes=(32, 16), activation=relu, alpha=0.01",1.0,0.991869918699187,0.9375,0.99375,0.961121157323689,1.5480006000143476,0.008130081300813052
A2P,MLP,"hidden_layer_sizes=(32, 16), activation=tanh, alpha=0.0001",1.0,1.0,1.0,1.0,1.0,2.0149303000071086,0.0
A2P,MLP,"hidden_layer_sizes=(32, 16), activation=tanh, alpha=0.01",1.0,1.0,1.0,1.0,1.0,2.162362400034908,0.0
A2P,MLP,"hidden_layer_sizes=(64, 32), activation=relu, alpha=0.0001",1.0,1.0,1.0,1.0,1.0,1.2267471000086516,0.0
A2P,MLP,"hidden_layer_sizes=(64, 32), activation=relu, alpha=0.01",1.0,1.0,1.0,1.0,1.0,1.3451690000365488,0.0
A2P,MLP,"hidden_layer_sizes=(64, 32), activation=tanh, alpha=0.0001",1.0,1.0,1.0,1.0,1.0,4.153355500020552,0.0
A2P,MLP,"hidden_layer_sizes=(64, 32), activation=tanh, alpha=0.01",1.0,1.0,1.0,1.0,1.0,1.8244070000364445,0.0
A2P,Random Forest,"n_estimators=10, max_depth=3, max_features=sqrt",1.0,1.0,1.0,1.0,1.0,0.05825399997411296,0.0
A2P,Random Forest,"n_estimators=10, max_depth=3, max_features=None",1.0,1.0,1.0,1.0,1.0,0.06702020001830533,0.0
A2P,Random Forest,"n_estimators=10, max_depth=5, max_features=sqrt",1.0,1.0,1.0,1.0,1.0,0.06319730001268908,0.0
A2P,Random Forest,"n_estimators=10, max_depth=5, max_features=None",1.0,1.0,1.0,1.0,1.0,0.05722419999074191,0.0
A2P,Random Forest,"n_estimators=10, max_depth=8, max_features=sqrt",1.0,1.0,1.0,1.0,1.0,0.05534640001133084,0.0
A2P,Random Forest,"n_estimators=10, max_depth=8, max_features=None",1.0,1.0,1.0,1.0,1.0,0.05722690001130104,0.0
A2P,Random Forest,"n_estimators=10, max_depth=None, max_features=sqrt",1.0,1.0,1.0,1.0,1.0,0.053056999982800335,0.0
A2P,Random Forest,"n_estimators=10, max_depth=None, max_features=None",1.0,1.0,1.0,1.0,1.0,0.05794130003778264,0.0
A2P,Random Forest,"n_estimators=50, max_depth=3, max_features=sqrt",1.0,1.0,1.0,1.0,1.0,0.2503694000188261,0.0
A2P,Random Forest,"n_estimators=50, max_depth=3, max_features=None",1.0,1.0,1.0,1.0,1.0,0.27025500003946945,0.0
A2P,Random Forest,"n_estimators=50, max_depth=5, max_features=sqrt",1.0,1.0,1.0,1.0,1.0,0.27974749996792525,0.0
A2P,Random Forest,"n_estimators=50, max_depth=5, max_features=None",1.0,1.0,1.0,1.0,1.0,0.28203150001354516,0.0
A2P,Random Forest,"n_estimators=50, max_depth=8, max_features=sqrt",1.0,1.0,1.0,1.0,1.0,0.2663868999807164,0.0
A2P,Random Forest,"n_estimators=50, max_depth=8, max_features=None",1.0,1.0,1.0,1.0,1.0,0.27669050003169104,0.0
A2P,Random Forest,"n_estimators=50, max_depth=None, max_features=sqrt",1.0,1.0,1.0,1.0,1.0,0.2716088999877684,0.0
A2P,Random Forest,"n_estimators=50, max_depth=None, max_features=None",1.0,1.0,1.0,1.0,1.0,0.29479580000042915,0.0
A2P,Random Forest,"n_estimators=100, max_depth=3, max_features=sqrt",1.0,1.0,1.0,1.0,1.0,0.47973560000536963,0.0
A2P,Random Forest,"n_estimators=100, max_depth=3, max_features=None",1.0,1.0,1.0,1.0,1.0,0.5525191000197083,0.0
A2P,Random Forest,"n_estimators=100, max_depth=5, max_features=sqrt",1.0,1.0,1.0,1.0,1.0,0.5135986999957822,0.0
A2P,Random Forest,"n_estimators=100, max_depth=5, max_features=None",1.0,1.0,1.0,1.0,1.0,0.5265354999573901,0.0
A2P,Random Forest,"n_estimators=100, max_depth=8, max_features=sqrt",1.0,1.0,1.0,1.0,1.0,0.5020897999638692,0.0
A2P,Random Forest,"n_estimators=100, max_depth=8, max_features=None",1.0,1.0,1.0,1.0,1.0,0.5296113999793306,0.0
A2P,Random Forest,"n_estimators=100, max_depth=None, max_features=sqrt",1.0,1.0,1.0,1.0,1.0,0.5015082000172697,0.0
A2P,Random Forest,"n_estimators=100, max_depth=None, max_features=None",1.0,1.0,1.0,1.0,1.0,0.5305255000130273,0.0
A2P,Random Forest,"n_estimators=200, max_depth=3, max_features=sqrt",1.0,1.0,1.0,1.0,1.0,1.0138873999821953,0.0
A2P,Random Forest,"n_estimators=200, max_depth=3, max_features=None",1.0,1.0,1.0,1.0,1.0,1.1303326000343077,0.0
A2P,Random Forest,"n_estimators=200, max_depth=5, max_features=sqrt",1.0,1.0,1.0,1.0,1.0,1.4772114000516012,0.0
A2P,Random Forest,"n_estimators=200, max_depth=5, max_features=None",1.0,1.0,1.0,1.0,1.0,1.075120199995581,0.0
A2P,Random Forest,"n_estimators=200, max_depth=8, max_features=sqrt",1.0,1.0,1.0,1.0,1.0,1.0429752999916673,0.0
A2P,Random Forest,"n_estimators=200, max_depth=8, max_features=None",1.0,1.0,1.0,1.0,1.0,1.1682951000402682,0.0
A2P,Random Forest,"n_estimators=200, max_depth=None, max_features=sqrt",1.0,1.0,1.0,1.0,1.0,1.0841827999684028,0.0
A2P,Random Forest,"n_estimators=200, max_depth=None, max_features=None",1.0,1.0,1.0,1.0,1.0,1.0706559999962337,0.0
A2P,SVM,"kernel=linear, C=0.1",1.0,1.0,1.0,1.0,1.0,0.011613900016527623,0.0
A2P,SVM,"kernel=linear, C=1",1.0,1.0,1.0,1.0,1.0,0.010249999992083758,0.0
A2P,SVM,"kernel=linear, C=10",1.0,1.0,1.0,1.0,1.0,0.010589800018351525,0.0
A2P,SVM,"kernel=linear, C=100",1.0,1.0,1.0,1.0,1.0,0.010278200032189488,0.0
A2P,SVM,"kernel=rbf, C=0.1, gamma=scale",0.9979166666666667,0.991869918699187,0.9939024390243902,0.99375,0.9937490232848882,0.03297340002609417,0.006046747967479726
A2P,SVM,"kernel=rbf, C=0.1, gamma=0.01",0.96875,0.9512195121951219,0.8566849816849818,0.9625,0.8879175400681388,0.04523670003982261,0.017530487804878092
A2P,SVM,"kernel=rbf, C=0.1, gamma=0.1",0.9583333333333334,0.9349593495934959,0.9558589607635206,0.95,0.9496851635536991,0.03650099999504164,0.023373983739837456
A2P,SVM,"kernel=rbf, C=0.1, gamma=1",0.6770833333333334,0.43902439024390244,0.841743119266055,0.56875,0.5050011347793665,0.041223599982913584,0.23805894308943093
A2P,SVM,"kernel=rbf, C=1, gamma=scale",1.0,1.0,1.0,1.0,1.0,0.03297619998920709,0.0
A2P,SVM,"kernel=rbf, C=1, gamma=0.01",1.0,1.0,1.0,1.0,1.0,0.03821949998382479,0.0
A2P,SVM,"kernel=rbf, C=1, gamma=0.1",1.0,1.0,1.0,1.0,1.0,0.045788099989295006,0.0
A2P,SVM,"kernel=rbf, C=1, gamma=1",1.0,0.6422764227642277,0.8690476190476191,0.725,0.7208141321044547,0.05606650002300739,0.3577235772357723
A2P,SVM,"kernel=rbf, C=10, gamma=scale",1.0,1.0,1.0,1.0,1.0,0.05143740004859865,0.0
A2P,SVM,"kernel=rbf, C=10, gamma=0.01",1.0,1.0,1.0,1.0,1.0,0.039913800021167845,0.0
A2P,SVM,"kernel=rbf, C=10, gamma=0.1",1.0,1.0,1.0,1.0,1.0,0.044620800006669015,0.0
A2P,SVM,"kernel=rbf, C=10, gamma=1",1.0,0.6422764227642277,0.8690476190476191,0.725,0.7208141321044547,0.04564069997286424,0.3577235772357723
A2P,SVM,"kernel=rbf, C=100, gamma=scale",1.0,1.0,1.0,1.0,1.0,0.036157900001853704,0.0
A2P,SVM,"kernel=rbf, C=100, gamma=0.01",1.0,1.0,1.0,1.0,1.0,0.02543759997934103,0.0
A2P,SVM,"kernel=rbf, C=100, gamma=0.1",1.0,1.0,1.0,1.0,1.0,0.03715610003564507,0.0
A2P,SVM,"kernel=rbf, C=100, gamma=1",1.0,0.6422764227642277,0.8690476190476191,0.725,0.7208141321044547,0.04108170000836253,0.3577235772357723
A2P,SVM,"kernel=poly, C=0.1, degree=2, gamma=scale",0.9333333333333333,0.8536585365853658,0.8960772017837235,0.8875,0.8802854122621564,0.03362550004385412,0.07967479674796751
A2P,SVM,"kernel=poly, C=0.1, degree=3, gamma=scale",0.9291666666666667,0.8455284552845529,0.8106033717834961,0.88125,0.8156890162214175,0.031656700011808425,0.0836382113821138
A2P,SVM,"kernel=poly, C=1, degree=2, gamma=scale",1.0,0.991869918699187,0.9939024390243902,0.99375,0.9937490232848882,0.04238180001266301,0.008130081300813052
A2P,SVM,"kernel=poly, C=1, degree=3, gamma=scale",1.0,0.991869918699187,0.9939024390243902,0.99375,0.9937490232848882,0.028999000031035393,0.008130081300813052
A2P,SVM,"kernel=poly, C=10, degree=2, gamma=scale",1.0,1.0,1.0,1.0,1.0,0.06346350000239909,0.0
A2P,SVM,"kernel=poly, C=10, degree=3, gamma=scale",1.0,1.0,1.0,1.0,1.0,0.030828699993435293,0.0
A2P,SVM,"kernel=poly, C=100, degree=2, gamma=scale",1.0,1.0,1.0,1.0,1.0,0.06755959999281913,0.0
A2P,SVM,"kernel=poly, C=100, degree=3, gamma=scale",1.0,1.0,1.0,1.0,1.0,0.029844599950592965,0.0
