N,seed,approach,algo,bal_acc
25,0,A1,kNN,0.4972084247094382
25,0,A1,Árvore de Decisão,0.43026218648391806
25,0,A1,MLP,0.5485343242351784
25,0,A1,Random Forest,0.5569562131232385
25,0,A1,SVM,0.6772616478381268
25,0,A2,kNN,0.7371076475374109
25,0,A2,Árvore de Decisão,0.8014935444923038
25,0,A2,MLP,0.7995468929472119
25,0,A2,Random Forest,0.7775419561236666
25,0,A2,SVM,0.7992251352522602
25,1,A1,kNN,0.5077371874022824
25,1,A1,Árvore de Decisão,0.42325336015688414
25,1,A1,MLP,0.5513730841668982
25,1,A1,Random Forest,0.5463425087055707
25,1,A1,SVM,0.6703149914910612
25,1,A2,kNN,0.7678566740400181
25,1,A2,Árvore de Decisão,0.7122254328029184
25,1,A2,MLP,0.7258992641228286
25,1,A2,Random Forest,0.7421754409468754
25,1,A2,SVM,0.7776975667923146
25,2,A1,kNN,0.5094740844854885
25,2,A1,Árvore de Decisão,0.442779733432017
25,2,A1,MLP,0.5442524856951687
25,2,A1,Random Forest,0.5997383999081226
25,2,A1,SVM,0.7316355673555638
25,2,A2,kNN,0.7430619328260578
25,2,A2,Árvore de Decisão,0.7523785657802174
25,2,A2,MLP,0.7809183217369479
25,2,A2,Random Forest,0.8032006968980756
25,2,A2,SVM,0.8209287820262484
25,3,A1,kNN,0.5261741363194581
25,3,A1,Árvore de Decisão,0.4093990895249641
25,3,A1,MLP,0.5522221350658651
25,3,A1,Random Forest,0.6040290414310009
25,3,A1,SVM,0.6938233663572819
25,3,A2,kNN,0.7365544940606653
25,3,A2,Árvore de Decisão,0.7552101772369997
25,3,A2,MLP,0.7922149575882772
25,3,A2,Random Forest,0.8049287642854458
25,3,A2,SVM,0.8392408647804271
25,4,A1,kNN,0.5168377938593659
25,4,A1,Árvore de Decisão,0.42113407033435757
25,4,A1,MLP,0.5549614854446965
25,4,A1,Random Forest,0.5586978235611754
25,4,A1,SVM,0.7081438923342575
25,4,A2,kNN,0.7563164545094158
25,4,A2,Árvore de Decisão,0.782727343832721
25,4,A2,MLP,0.7416378157606073
25,4,A2,Random Forest,0.802726490417008
25,4,A2,SVM,0.7961661150301049
50,0,A1,kNN,0.5750226201689906
50,0,A1,Árvore de Decisão,0.5045906094000848
50,0,A1,MLP,0.6672376667806729
50,0,A1,Random Forest,0.6433496878381637
50,0,A1,SVM,0.756840466425198
50,0,A2,kNN,0.756599610977481
50,0,A2,Árvore de Decisão,0.8399176889838317
50,0,A2,MLP,0.8090958777443236
50,0,A2,Random Forest,0.8203273377328482
50,0,A2,SVM,0.8459894668158091
50,1,A1,kNN,0.5442338251482547
50,1,A1,Árvore de Decisão,0.49767930382443804
50,1,A1,MLP,0.6439903473261827
50,1,A1,Random Forest,0.6164758524293582
50,1,A1,SVM,0.724045887930116
50,1,A2,kNN,0.7710865939550592
50,1,A2,Árvore de Decisão,0.8542579942118532
50,1,A2,MLP,0.7969322775619138
50,1,A2,Random Forest,0.8557018770359904
50,1,A2,SVM,0.83235637331584
50,2,A1,kNN,0.6081693677706571
50,2,A1,Árvore de Decisão,0.5563992125167504
50,2,A1,MLP,0.6892351123894748
50,2,A1,Random Forest,0.6538822704598931
50,2,A1,SVM,0.7797370126472035
50,2,A2,kNN,0.7769504274294984
50,2,A2,Árvore de Decisão,0.8554399199434082
50,2,A2,MLP,0.8259224566823472
50,2,A2,Random Forest,0.8678427168779518
50,2,A2,SVM,0.8270390566741238
50,3,A1,kNN,0.6014092546336012
50,3,A1,Árvore de Decisão,0.5045455559573804
50,3,A1,MLP,0.6922803314681185
50,3,A1,Random Forest,0.6634798452133316
50,3,A1,SVM,0.7695540760458193
50,3,A2,kNN,0.8097456308556626
50,3,A2,Árvore de Decisão,0.7922066421646958
50,3,A2,MLP,0.7983910536034343
50,3,A2,Random Forest,0.8419205989432941
50,3,A2,SVM,0.8359770137498855
50,4,A1,kNN,0.544114901347328
50,4,A1,Árvore de Decisão,0.5029732410351008
50,4,A1,MLP,0.6275786525411217
50,4,A1,Random Forest,0.6007567097740623
50,4,A1,SVM,0.7174391106868588
50,4,A2,kNN,0.8054203193012359
50,4,A2,Árvore de Decisão,0.8031496818575148
50,4,A2,MLP,0.7910798855827115
50,4,A2,Random Forest,0.8305850733283618
50,4,A2,SVM,0.8064146781009197
100,0,A1,kNN,0.6722875264737637
100,0,A1,Árvore de Decisão,0.587033951838619
100,0,A1,MLP,0.7818263971063494
100,0,A1,Random Forest,0.7469630230738856
100,0,A1,SVM,0.8068577482448355
100,0,A2,kNN,0.8346104886550721
100,0,A2,Árvore de Decisão,0.8505138528064048
100,0,A2,MLP,0.8227113456499127
100,0,A2,Random Forest,0.8540144750500375
100,0,A2,SVM,0.8385848401952183
100,1,A1,kNN,0.6442159698366363
100,1,A1,Árvore de Decisão,0.6361481653530412
100,1,A1,MLP,0.7772509947508084
100,1,A1,Random Forest,0.711447997785879
100,1,A1,SVM,0.8010665334455687
100,1,A2,kNN,0.846574574821425
100,1,A2,Árvore de Decisão,0.8509629589272473
100,1,A2,MLP,0.8450018989104205
100,1,A2,Random Forest,0.8711574305065694
100,1,A2,SVM,0.8549636116511535
100,2,A1,kNN,0.7069143916381672
100,2,A1,Árvore de Decisão,0.5866872838635308
100,2,A1,MLP,0.7847235205544308
100,2,A1,Random Forest,0.7600752384842447
100,2,A1,SVM,0.8153795494994331
100,2,A2,kNN,0.8041100896502372
100,2,A2,Árvore de Decisão,0.8824415463757892
100,2,A2,MLP,0.8442926218833922
100,2,A2,Random Forest,0.8840421749278828
100,2,A2,SVM,0.86930704425672
100,3,A1,kNN,0.6885366877352265
100,3,A1,Árvore de Decisão,0.6403447786229416
100,3,A1,MLP,0.771475349317741
100,3,A1,Random Forest,0.7584430570078822
100,3,A1,SVM,0.7995299559491015
100,3,A2,kNN,0.8430063384100513
100,3,A2,Árvore de Decisão,0.8220656205242056
100,3,A2,MLP,0.8577605537681583
100,3,A2,Random Forest,0.846393280915759
100,3,A2,SVM,0.8557705211362112
100,4,A1,kNN,0.6870464678673134
100,4,A1,Árvore de Decisão,0.591365294289696
100,4,A1,MLP,0.7948733348159278
100,4,A1,Random Forest,0.7562156393327646
100,4,A1,SVM,0.8181554527934906
100,4,A2,kNN,0.8450942902482453
100,4,A2,Árvore de Decisão,0.864051432647198
100,4,A2,MLP,0.8244257548328227
100,4,A2,Random Forest,0.8648821422343378
100,4,A2,SVM,0.8594996817094782
150,0,A1,kNN,0.6937887967075116
150,0,A1,Árvore de Decisão,0.646522659682825
150,0,A1,MLP,0.8427184692078701
150,0,A1,Random Forest,0.815898186905652
150,0,A1,SVM,0.8461627715793659
150,0,A2,kNN,0.8460387557189897
150,0,A2,Árvore de Decisão,0.882773429738028
150,0,A2,MLP,0.8410064888903922
150,0,A2,Random Forest,0.8837512579402471
150,0,A2,SVM,0.852562993160651
150,1,A1,kNN,0.6746973355800372
150,1,A1,Árvore de Decisão,0.6552475772366237
150,1,A1,MLP,0.8629576861761219
150,1,A1,Random Forest,0.8177728586402994
150,1,A1,SVM,0.8603393324466065
150,1,A2,kNN,0.8336367372070826
150,1,A2,Árvore de Decisão,0.8450143901954373
150,1,A2,MLP,0.8363618001031297
150,1,A2,Random Forest,0.8858658795325911
150,1,A2,SVM,0.858530918088059
150,2,A1,kNN,0.6769865763845723
150,2,A1,Árvore de Decisão,0.6794359446516332
150,2,A1,MLP,0.8335201467755916
150,2,A1,Random Forest,0.782216592076438
150,2,A1,SVM,0.8380268878525466
150,2,A2,kNN,0.8132045324539896
150,2,A2,Árvore de Decisão,0.853710833951733
150,2,A2,MLP,0.8287009739243496
150,2,A2,Random Forest,0.8793133729464326
150,2,A2,SVM,0.8667275605894531
150,3,A1,kNN,0.6751624076059252
150,3,A1,Árvore de Decisão,0.6741865332607085
150,3,A1,MLP,0.8460213138769334
150,3,A1,Random Forest,0.8115576974358986
150,3,A1,SVM,0.8460102664759764
150,3,A2,kNN,0.8197652869424354
150,3,A2,Árvore de Decisão,0.8659878596747624
150,3,A2,MLP,0.8536335948180932
150,3,A2,Random Forest,0.8797986013627419
150,3,A2,SVM,0.8536446615259377
150,4,A1,kNN,0.6875018100206916
150,4,A1,Árvore de Decisão,0.655231081432049
150,4,A1,MLP,0.8419748876088166
150,4,A1,Random Forest,0.8200134345045123
150,4,A1,SVM,0.8511869410993974
150,4,A2,kNN,0.8477150260175753
150,4,A2,Árvore de Decisão,0.8748267728143889
150,4,A2,MLP,0.8564779318029768
150,4,A2,Random Forest,0.8854707100231396
150,4,A2,SVM,0.8627463800165375
200,0,A1,kNN,0.713769719209253
200,0,A1,Árvore de Decisão,0.719865810443761
200,0,A1,MLP,0.8858741957920362
200,0,A1,Random Forest,0.8549070926195744
200,0,A1,SVM,0.8584257085724222
200,0,A2,kNN,0.842959020620102
200,0,A2,Árvore de Decisão,0.873435054773083
200,0,A2,MLP,0.8443545800130711
200,0,A2,Random Forest,0.8753195096504957
200,0,A2,SVM,0.8557435663362893
200,1,A1,kNN,0.6892255619712314
200,1,A1,Árvore de Decisão,0.6852839311304182
200,1,A1,MLP,0.8776682016320999
200,1,A1,Random Forest,0.8629668603361335
200,1,A1,SVM,0.865636261159978
200,1,A2,kNN,0.8052884355944094
200,1,A2,Árvore de Decisão,0.8793318553295079
200,1,A2,MLP,0.8514569055456622
200,1,A2,Random Forest,0.8927762563032516
200,1,A2,SVM,0.8701019387932534
200,2,A1,kNN,0.7206529673999724
200,2,A1,Árvore de Decisão,0.7005020865936359
200,2,A1,MLP,0.8821942510747757
200,2,A1,Random Forest,0.8599839832952588
200,2,A1,SVM,0.8750239088854114
200,2,A2,kNN,0.8355429190725451
200,2,A2,Árvore de Decisão,0.8679327508259433
200,2,A2,MLP,0.8604328182804789
200,2,A2,Random Forest,0.8708094244479221
200,2,A2,SVM,0.8578127716918796
200,3,A1,kNN,0.6944434326264098
200,3,A1,Árvore de Decisão,0.6951895172653632
200,3,A1,MLP,0.8668818841101098
200,3,A1,Random Forest,0.847508978948189
200,3,A1,SVM,0.8607642823736802
200,3,A2,kNN,0.83092059701761
200,3,A2,Árvore de Decisão,0.862294600938967
200,3,A2,MLP,0.8403670800880206
200,3,A2,Random Forest,0.8820531211963137
200,3,A2,SVM,0.8560522083115979
200,4,A1,kNN,0.6843629143956974
200,4,A1,Árvore de Decisão,0.6697148996576306
200,4,A1,MLP,0.8831321314434071
200,4,A1,Random Forest,0.8517067121759934
200,4,A1,SVM,0.8573072748967195
200,4,A2,kNN,0.8074789092151891
200,4,A2,Árvore de Decisão,0.866673374645489
200,4,A2,MLP,0.8646904736207796
200,4,A2,Random Forest,0.8648044343112743
200,4,A2,SVM,0.8584876543209877
250,0,A1,kNN,0.737355693564274
250,0,A1,Árvore de Decisão,0.7412242787635184
250,0,A1,MLP,0.8883489335529796
250,0,A1,Random Forest,0.8744917534505955
250,0,A1,SVM,0.8664835484246018
250,0,A2,kNN,0.7865234385813388
250,0,A2,Árvore de Decisão,0.8648699486770641
250,0,A2,MLP,0.8638775391565764
250,0,A2,Random Forest,0.8813182022024018
250,0,A2,SVM,0.8545484744298836
250,1,A1,kNN,0.7604954321731441
250,1,A1,Árvore de Decisão,0.7330561456913044
250,1,A1,MLP,0.8932154898932018
250,1,A1,Random Forest,0.895294567076918
250,1,A1,SVM,0.8686929965356892
250,1,A2,kNN,0.8174455829408741
250,1,A2,Árvore de Decisão,0.8770300795588554
250,1,A2,MLP,0.8575950345046962
250,1,A2,Random Forest,0.8845682395734715
250,1,A2,SVM,0.8547826664673543
250,2,A1,kNN,0.7524676985611761
250,2,A1,Árvore de Decisão,0.7448214895982598
250,2,A1,MLP,0.8974151550886814
250,2,A1,Random Forest,0.8678803708015428
250,2,A1,SVM,0.8848447854900593
250,2,A2,kNN,0.8173014841222027
250,2,A2,Árvore de Decisão,0.8636674055317236
250,2,A2,MLP,0.8346607738655175
250,2,A2,Random Forest,0.8839159067882472
250,2,A2,SVM,0.875395302871759
250,3,A1,kNN,0.7575672138193937
250,3,A1,Árvore de Decisão,0.7506766554377297
250,3,A1,MLP,0.9068650655239424
250,3,A1,Random Forest,0.8762980218247048
250,3,A1,SVM,0.8717865032305214
250,3,A2,kNN,0.8140082372380942
250,3,A2,Árvore de Decisão,0.8729690522243714
250,3,A2,MLP,0.8532857223387394
250,3,A2,Random Forest,0.8918057700931786
250,3,A2,SVM,0.8563215240752736
250,4,A1,kNN,0.753340961058087
250,4,A1,Árvore de Decisão,0.7491394336005429
250,4,A1,MLP,0.8895464813061604
250,4,A1,Random Forest,0.871223861012839
250,4,A1,SVM,0.8793695085289087
250,4,A2,kNN,0.8076210810078965
250,4,A2,Árvore de Decisão,0.8845296228013354
250,4,A2,MLP,0.8351175313854072
250,4,A2,Random Forest,0.8905791685352202
250,4,A2,SVM,0.8566337801252346
300,0,A1,kNN,0.7912438577617538
300,0,A1,Árvore de Decisão,0.8153067726959944
300,0,A1,MLP,0.9187024491417827
300,0,A1,Random Forest,0.9030364705996375
300,0,A1,SVM,0.8930576958489614
300,0,A2,kNN,0.7762738784054894
300,0,A2,Árvore de Decisão,0.8910820031207901
300,0,A2,MLP,0.8861318679188596
300,0,A2,Random Forest,0.8954002267903353
300,0,A2,SVM,0.8760479361110303
300,1,A1,kNN,0.7979143042673412
300,1,A1,Árvore de Decisão,0.7846390738425454
300,1,A1,MLP,0.8915456391319939
300,1,A1,Random Forest,0.9033437036606285
300,1,A1,SVM,0.8846407699241124
300,1,A2,kNN,0.7929802818402969
300,1,A2,Árvore de Decisão,0.8884007404607527
300,1,A2,MLP,0.8674812704135532
300,1,A2,Random Forest,0.8928856647185959
300,1,A2,SVM,0.8619612518051154
300,2,A1,kNN,0.787540100214191
300,2,A1,Árvore de Decisão,0.7699586398395022
300,2,A1,MLP,0.9171842138419639
300,2,A1,Random Forest,0.8999777086422625
300,2,A1,SVM,0.8757499103499743
300,2,A2,kNN,0.8343925362719159
300,2,A2,Árvore de Decisão,0.8862811230967541
300,2,A2,MLP,0.8783294081159926
300,2,A2,Random Forest,0.8907529632967949
300,2,A2,SVM,0.8549133060021904
300,3,A1,kNN,0.8104299324474941
300,3,A1,Árvore de Decisão,0.7312423070586069
300,3,A1,MLP,0.9228583335756307
300,3,A1,Random Forest,0.8798116622568547
300,3,A1,SVM,0.868358265732368
300,3,A2,kNN,0.8084336444431521
300,3,A2,Árvore de Decisão,0.8763764913402922
300,3,A2,MLP,0.8352409405014587
300,3,A2,Random Forest,0.8920211477141665
300,3,A2,SVM,0.8548343170606422
300,4,A1,kNN,0.7894886556372905
300,4,A1,Árvore de Decisão,0.7346742069607188
300,4,A1,MLP,0.8905736632454279
300,4,A1,Random Forest,0.8864880450479263
300,4,A1,SVM,0.8814812122621851
300,4,A2,kNN,0.8098554453910195
300,4,A2,Árvore de Decisão,0.8887956851684936
300,4,A2,MLP,0.8644094243983756
300,4,A2,Random Forest,0.8935878424873279
300,4,A2,SVM,0.8766008587018677
