approach,seed,val_acc,test_acc
A1,0,0.7642276422764228,0.7479674796747967
A1,1,0.7642276422764228,0.7804878048780488
A1,2,0.7886178861788617,0.6991869918699187
A1,3,0.7804878048780488,0.8048780487804879
A1,4,0.7804878048780488,0.6829268292682927
A1,5,0.7560975609756098,0.7723577235772358
A1,6,0.7804878048780488,0.7317073170731707
A1,7,0.7967479674796748,0.7642276422764228
A1,8,0.8048780487804879,0.7886178861788617
A1,9,0.7967479674796748,0.7479674796747967
A2,0,0.8130081300813008,0.8130081300813008
A2,1,0.8130081300813008,0.8130081300813008
A2,2,0.8373983739837398,0.8373983739837398
A2,3,0.8130081300813008,0.7967479674796748
A2,4,0.8292682926829268,0.7967479674796748
A2,5,0.8048780487804879,0.8455284552845529
A2,6,0.8211382113821138,0.8455284552845529
A2,7,0.8211382113821138,0.8211382113821138
A2,8,0.8048780487804879,0.8292682926829268
A2,9,0.8048780487804879,0.8292682926829268
